Player,Season,Age,G,GS,MP,FG,FGA,FG%,3P,3PA,3P%,2P,2PA,2P%,eFG%,FT,FTA,FT%,ORB,DRB,TRB,AST,STL,BLK,TOV,PF,PS/G
Jeff Adrien,2012,25.0,8.0,0.0,7.9,0.9,2.0,0.43799999999999994,0.0,0.0,0.0,0.9,2.0,0.43799999999999994,0.43799999999999994,0.9,1.5,0.0,0.6,2.1,2.8,0.1,0.0,0.3,3.33,1.6,2.6
Arron Afflalo,2012,26.0,62.0,62.0,33.6,5.3,11.3,0.47100000000000003,1.4,3.6,0.39799999999999996,3.9,7.7,0.504,0.534,3.2,4.0,0.7979999999999999,0.6,2.5,3.2,2.4,0.6,0.2,0.71,2.2,15.2
Blake Ahearn,2012,27.0,4.0,0.0,7.5,1.0,3.5,0.28600000000000003,0.5,2.3,0.0,0.5,1.3,0.4,0.35700000000000004,0.0,0.0,0.0,0.0,0.5,0.5,0.3,0.0,0.0,0.77,1.0,2.5
Solomon Alabi,2012,23.0,14.0,0.0,8.7,0.9,2.6,0.361,0.0,0.0,0.0,0.9,2.6,0.361,0.361,0.5,0.6,0.0,1.1,2.3,3.4,0.2,0.1,0.6,2.5,0.8,2.4
Cole Aldrich,2012,23.0,26.0,0.0,6.7,0.8,1.6,0.524,0.0,0.0,0.0,0.8,1.6,0.524,0.524,0.5,0.5,0.0,0.5,1.3,1.8,0.1,0.3,0.6,3.33,0.8,2.2
LaMarcus Aldridge,2012,26.0,55.0,55.0,36.3,8.8,17.1,0.512,0.0,0.2,0.182,8.7,16.9,0.516,0.513,4.1,5.0,0.8140000000000001,2.7,5.3,8.0,2.4,0.9,0.8,0.5,2.8,21.7
Lavoy Allen,2012,22.0,41.0,15.0,15.2,1.9,4.1,0.473,0.0,0.0,0.0,1.9,4.1,0.473,0.473,0.3,0.3,0.0,1.1,3.0,4.2,0.8,0.3,0.4,2.0,1.8,4.1
Ray Allen,2012,36.0,46.0,42.0,34.0,4.9,10.7,0.45799999999999996,2.3,5.1,0.45299999999999996,2.6,5.6,0.46299999999999997,0.5660000000000001,2.1,2.3,0.915,0.3,2.8,3.1,2.4,1.1,0.2,0.67,1.8,14.2
Tony Allen,2012,30.0,58.0,57.0,26.3,3.6,7.7,0.469,0.1,0.4,0.308,3.5,7.3,0.479,0.478,2.4,3.0,0.8,1.7,2.3,4.0,1.4,1.8,0.6,0.62,2.4,9.8
Morris Almond,2012,26.0,4.0,0.0,16.8,1.5,4.3,0.353,0.3,0.8,0.33299999999999996,1.3,3.5,0.35700000000000004,0.382,0.3,0.8,0.33299999999999996,0.3,1.8,2.0,0.5,1.8,0.0,3.33,1.5,3.5
Al-Farouq Aminu,2012,21.0,66.0,21.0,22.4,2.3,5.5,0.41100000000000003,0.2,0.7,0.27699999999999997,2.1,4.8,0.431,0.429,1.3,1.7,0.754,1.4,3.2,4.7,1.0,0.9,0.5,0.71,2.1,6.0
Lou Amundson,2012,29.0,60.0,0.0,12.6,1.5,3.5,0.43,0.0,0.0,0.0,1.5,3.5,0.43,0.43,0.6,1.4,0.0,1.6,2.1,3.7,0.2,0.5,0.7,1.25,2.1,3.6
Chris Andersen,2012,33.0,32.0,1.0,15.2,1.8,3.4,0.546,0.0,0.0,0.0,1.8,3.4,0.546,0.546,1.6,2.6,0.0,1.5,3.1,4.6,0.2,0.6,1.4,2.0,1.6,5.3
Alan Anderson,2012,29.0,17.0,12.0,27.1,3.2,8.4,0.387,1.4,3.6,0.39299999999999996,1.8,4.8,0.38299999999999995,0.47200000000000003,1.7,2.0,0.853,0.5,1.5,2.0,1.5,0.3,0.2,0.67,2.1,9.6
James Anderson,2012,22.0,51.0,2.0,11.8,1.3,3.4,0.379,0.4,1.3,0.27899999999999997,0.9,2.1,0.44299999999999995,0.434,0.8,1.0,0.75,0.3,1.2,1.5,0.8,0.2,0.0,1.67,0.7,3.7
Ryan Anderson,2012,23.0,61.0,61.0,32.2,5.4,12.4,0.439,2.7,6.9,0.39299999999999996,2.7,5.5,0.496,0.5479999999999999,2.5,2.8,0.877,3.7,4.0,7.7,0.9,0.8,0.4,1.11,2.4,16.1
Carmelo Anthony,2012,27.0,55.0,55.0,34.1,8.0,18.6,0.43,1.2,3.7,0.335,6.8,14.9,0.45399999999999996,0.46299999999999997,5.4,6.7,0.804,1.6,4.7,6.3,3.6,1.1,0.4,0.38,2.8,22.6
Joel Anthony,2012,29.0,64.0,51.0,21.1,1.3,2.4,0.5589999999999999,0.0,0.0,0.0,1.3,2.4,0.5589999999999999,0.5589999999999999,0.8,1.1,0.0,1.6,2.3,3.9,0.1,0.6,1.3,1.43,2.0,3.4
Gilbert Arenas,2012,30.0,17.0,0.0,12.4,1.5,3.8,0.406,0.8,2.3,0.33299999999999996,0.8,1.5,0.52,0.508,0.4,0.6,0.7,0.1,0.9,1.1,1.1,0.6,0.1,1.43,2.1,4.2
Trevor Ariza,2012,26.0,41.0,41.0,32.9,4.1,9.8,0.41700000000000004,0.7,2.1,0.33299999999999996,3.4,7.7,0.44,0.45299999999999996,1.9,2.5,0.775,1.0,4.2,5.2,3.3,1.7,0.6,0.53,1.8,10.8
Omer Asik,2012,25.0,66.0,2.0,14.7,1.2,2.4,0.506,0.0,0.0,0.0,1.2,2.4,0.506,0.506,0.7,1.6,0.0,1.9,3.4,5.3,0.5,0.5,1.0,1.0,1.8,3.1
D.J. Augustin,2012,24.0,48.0,46.0,29.3,3.8,10.1,0.376,1.3,3.7,0.341,2.5,6.4,0.396,0.43799999999999994,2.2,2.5,0.875,0.5,1.8,2.3,6.4,0.8,0.0,0.43,1.4,11.1
Gustavo Ayon,2012,26.0,54.0,24.0,20.1,2.6,4.8,0.536,0.0,0.0,0.0,2.6,4.8,0.5379999999999999,0.536,0.7,1.2,0.619,1.6,3.3,4.9,1.4,1.0,0.9,1.11,2.2,5.9
Jeff Ayres,2012,24.0,20.0,1.0,5.3,0.8,1.8,0.41700000000000004,0.0,0.0,0.0,0.8,1.8,0.41700000000000004,0.41700000000000004,0.2,0.4,0.0,0.6,1.1,1.7,0.2,0.2,0.1,10.0,0.8,1.7
Kelenna Azubuike,2012,28.0,3.0,0.0,6.0,1.0,2.7,0.375,0.3,1.0,0.0,0.7,1.7,0.4,0.43799999999999994,0.0,0.0,0.0,0.0,0.0,0.0,0.0,0.3,0.0,0.77,0.3,2.3
Luke Babbitt,2012,22.0,40.0,4.0,13.4,1.8,4.3,0.41,1.1,2.5,0.43,0.7,1.8,0.384,0.535,0.4,0.5,0.85,0.4,2.0,2.4,0.4,0.3,0.1,1.43,1.2,5.1
Renaldo Balkman,2012,27.0,14.0,0.0,8.2,1.1,2.3,0.5,0.1,0.6,0.222,1.0,1.6,0.609,0.531,0.6,0.8,0.727,0.4,1.4,1.9,0.4,0.3,0.2,2.5,1.0,3.0
J.J. Barea,2012,27.0,41.0,11.0,25.2,4.1,10.2,0.4,1.3,3.5,0.371,2.8,6.7,0.415,0.46299999999999997,1.9,2.4,0.7759999999999999,0.3,2.4,2.8,5.7,0.5,0.0,0.4,1.5,11.3
Andrea Bargnani,2012,26.0,31.0,31.0,33.3,6.7,15.6,0.43200000000000005,1.1,3.7,0.29600000000000004,5.6,11.9,0.474,0.467,4.9,5.6,0.873,0.8,4.8,5.5,2.0,0.6,0.5,0.45,1.7,19.5
Matt Barnes,2012,31.0,63.0,16.0,22.9,2.8,6.1,0.452,0.7,2.2,0.33299999999999996,2.0,4.0,0.518,0.512,1.5,2.0,0.742,1.5,3.9,5.5,2.0,0.6,0.8,0.83,2.4,7.8
Brandon Bass,2012,26.0,59.0,39.0,31.7,5.1,10.7,0.479,0.0,0.0,0.0,5.1,10.7,0.479,0.479,2.2,2.8,0.0,1.6,4.6,6.2,0.9,0.6,0.9,0.91,2.3,12.5
Tony Battie,2012,35.0,27.0,11.0,10.9,0.7,1.9,0.373,0.0,0.0,0.0,0.7,1.9,0.38,0.373,0.1,0.1,1.0,0.3,2.2,2.5,0.6,0.1,0.2,10.0,1.0,1.6
Shane Battier,2012,33.0,65.0,10.0,23.1,1.7,4.5,0.387,1.0,2.8,0.33899999999999997,0.8,1.7,0.46799999999999997,0.493,0.4,0.6,0.622,0.9,1.5,2.4,1.3,1.0,0.5,1.67,1.6,4.8
Nicolas Batum,2012,23.0,59.0,34.0,30.4,4.9,10.9,0.451,1.8,4.6,0.391,3.1,6.2,0.496,0.534,2.3,2.7,0.836,1.4,3.2,4.6,1.4,1.0,1.0,0.67,1.8,13.9
Jerryd Bayless,2012,23.0,31.0,11.0,22.7,3.8,8.9,0.424,1.4,3.4,0.423,2.4,5.5,0.424,0.504,2.4,2.8,0.852,0.3,1.9,2.1,3.8,0.8,0.1,0.59,2.3,11.4
Michael Beasley,2012,23.0,47.0,7.0,23.1,4.7,10.6,0.445,0.8,2.1,0.376,3.9,8.4,0.462,0.483,1.3,2.0,0.642,0.8,3.6,4.4,1.0,0.4,0.4,0.59,1.8,11.5
Rodrigue Beaubois,2012,23.0,53.0,12.0,21.7,3.5,8.4,0.42200000000000004,0.7,2.5,0.28800000000000003,2.8,5.9,0.479,0.465,1.1,1.3,0.841,0.4,2.5,2.8,2.9,1.1,0.5,0.77,1.8,8.9
Marco Belinelli,2012,25.0,66.0,55.0,29.8,4.3,10.4,0.41700000000000004,1.6,4.3,0.377,2.7,6.1,0.445,0.495,1.5,2.0,0.7829999999999999,0.3,2.3,2.6,1.5,0.7,0.1,1.0,1.7,11.8
Raja Bell,2012,35.0,34.0,33.0,23.4,2.4,5.1,0.466,1.0,2.6,0.391,1.4,2.6,0.54,0.563,0.6,0.7,0.84,0.2,1.3,1.4,1.1,0.4,0.1,1.67,2.3,6.4
Mike Bibby,2012,33.0,39.0,4.0,14.3,0.9,3.2,0.282,0.7,2.2,0.318,0.2,1.0,0.205,0.391,0.2,0.2,0.75,0.1,1.4,1.5,2.1,0.5,0.1,2.0,1.2,2.6
Andris Biedrins,2012,25.0,47.0,35.0,15.7,0.8,1.4,0.609,0.0,0.0,0.0,0.8,1.4,0.609,0.609,0.0,0.2,0.0,1.0,2.8,3.7,0.3,0.5,1.0,3.33,2.7,1.7
Chauncey Billups,2012,35.0,20.0,20.0,30.4,4.2,11.4,0.364,2.4,6.3,0.384,1.8,5.2,0.34,0.469,4.3,4.8,0.895,0.2,2.3,2.5,4.0,0.5,0.2,0.53,2.0,15.0
Bismack Biyombo,2012,19.0,63.0,41.0,23.1,2.0,4.4,0.46399999999999997,0.0,0.0,0.0,2.0,4.4,0.46399999999999997,0.46399999999999997,1.1,2.3,0.0,1.8,4.0,5.8,0.4,0.3,1.8,0.91,2.3,5.2
DeJuan Blair,2012,22.0,64.0,62.0,21.3,4.2,7.9,0.534,0.0,0.0,0.0,4.2,7.9,0.535,0.534,1.1,1.9,0.613,2.4,3.1,5.5,1.2,0.9,0.2,0.71,2.6,9.5
Steve Blake,2012,31.0,53.0,5.0,23.3,1.9,5.1,0.377,1.0,3.0,0.335,0.9,2.1,0.436,0.47600000000000003,0.4,0.5,0.778,0.2,1.4,1.6,3.3,0.7,0.0,0.71,1.4,5.2
Andray Blatche,2012,25.0,26.0,13.0,24.1,3.6,9.4,0.38,0.1,0.3,0.28600000000000003,3.5,9.2,0.382,0.384,1.3,1.9,0.6729999999999999,1.6,4.2,5.8,1.1,0.8,0.7,0.71,2.1,8.5
Eric Bledsoe,2012,22.0,40.0,1.0,11.6,1.2,3.2,0.389,0.2,0.8,0.2,1.1,2.4,0.44799999999999995,0.413,0.7,1.1,0.636,0.6,1.1,1.6,1.7,0.8,0.4,0.83,1.5,3.3
Keith Bogans,2012,31.0,5.0,1.0,18.8,1.6,4.2,0.381,0.6,2.4,0.25,1.0,1.8,0.556,0.452,0.4,1.0,0.4,1.0,1.2,2.2,0.6,0.4,0.0,1.67,3.0,4.2
Andrew Bogut,2012,27.0,12.0,12.0,30.3,5.1,11.3,0.449,0.0,0.1,0.0,5.1,11.3,0.452,0.449,1.2,1.9,0.609,1.8,6.5,8.3,2.6,1.0,2.0,0.5,3.0,11.3
Matt Bonner,2012,31.0,65.0,2.0,20.4,2.4,5.4,0.44,1.6,3.8,0.42,0.8,1.5,0.49,0.59,0.2,0.3,0.762,0.4,2.8,3.3,0.9,0.2,0.3,5.0,1.0,6.6
Trevor Booker,2012,24.0,50.0,32.0,25.2,3.6,6.8,0.531,0.0,0.0,0.5,3.6,6.8,0.531,0.532,1.1,1.9,0.602,2.4,4.1,6.5,0.8,1.0,0.9,0.83,2.8,8.4
Carlos Boozer,2012,30.0,66.0,66.0,29.5,6.8,12.8,0.532,0.0,0.0,0.0,6.8,12.7,0.5329999999999999,0.532,1.4,2.1,0.693,1.7,6.8,8.5,1.9,1.0,0.4,0.59,2.5,15.0
Chris Bosh,2012,27.0,57.0,57.0,35.2,6.9,14.2,0.48700000000000004,0.2,0.6,0.28600000000000003,6.7,13.5,0.496,0.493,4.0,4.9,0.821,1.6,6.3,7.9,1.8,0.9,0.8,0.48,2.2,18.0
Earl Boykins,2012,35.0,8.0,0.0,13.9,1.5,4.5,0.33299999999999996,0.3,1.1,0.222,1.3,3.4,0.37,0.361,1.6,1.9,0.867,0.0,1.4,1.4,2.1,0.1,0.0,1.11,0.6,4.9
Craig Brackins,2012,24.0,14.0,1.0,6.3,0.6,2.4,0.273,0.2,0.6,0.33299999999999996,0.4,1.7,0.25,0.318,0.1,0.1,0.5,0.4,0.7,1.1,0.6,0.0,0.1,3.33,0.4,1.6
Avery Bradley,2012,21.0,64.0,28.0,21.4,3.1,6.3,0.498,0.3,0.8,0.40700000000000003,2.8,5.4,0.511,0.525,1.0,1.2,0.795,0.5,1.3,1.8,1.4,0.7,0.2,0.83,1.7,7.6
Elton Brand,2012,32.0,60.0,60.0,28.9,4.8,9.7,0.494,0.0,0.0,0.0,4.8,9.7,0.495,0.494,1.4,1.9,0.733,2.4,4.7,7.2,1.6,1.0,1.6,0.91,2.9,11.0
Corey Brewer,2012,25.0,59.0,17.0,21.8,3.4,7.8,0.434,0.6,2.2,0.26,2.8,5.7,0.5,0.47,1.5,2.2,0.6920000000000001,0.7,1.8,2.5,1.5,1.2,0.3,1.11,1.9,8.9
Ronnie Brewer,2012,26.0,66.0,43.0,24.8,2.9,6.7,0.42700000000000005,0.3,1.0,0.275,2.6,5.7,0.455,0.44799999999999995,0.8,1.5,0.56,1.1,2.4,3.5,2.1,1.1,0.3,1.11,1.0,6.9
Jon Brockman,2012,24.0,35.0,0.0,6.8,0.4,1.3,0.33299999999999996,0.0,0.0,0.0,0.4,1.3,0.341,0.33299999999999996,0.2,0.4,0.467,0.9,1.2,2.1,0.3,0.1,0.0,3.33,0.9,1.1
MarShon Brooks,2012,23.0,56.0,47.0,29.4,4.9,11.4,0.428,0.8,2.7,0.313,4.1,8.8,0.46299999999999997,0.465,2.0,2.6,0.764,1.3,2.3,3.6,2.3,0.9,0.3,0.48,2.1,12.6
Derrick Brown,2012,24.0,65.0,17.0,22.2,3.3,6.3,0.518,0.1,0.4,0.25,3.2,5.9,0.535,0.526,1.4,2.2,0.667,1.5,2.2,3.6,1.0,0.7,0.2,1.25,1.5,8.1
Kwame Brown,2012,29.0,9.0,3.0,20.8,2.3,4.4,0.525,0.0,0.0,0.0,2.3,4.4,0.525,0.525,1.7,3.8,0.0,1.8,4.6,6.3,0.4,0.9,0.0,0.62,2.3,6.3
Shannon Brown,2012,26.0,59.0,19.0,23.7,4.3,10.1,0.42,1.2,3.2,0.36200000000000004,3.1,6.9,0.446,0.47700000000000004,1.4,1.7,0.8079999999999999,0.6,2.0,2.7,1.2,0.7,0.3,0.91,1.1,11.0
Kobe Bryant,2012,33.0,58.0,58.0,38.5,9.9,23.0,0.43,1.5,4.9,0.303,8.4,18.1,0.46399999999999997,0.462,6.6,7.8,0.845,1.1,4.3,5.4,4.6,1.2,0.3,0.29,1.8,27.9
Chase Budinger,2012,23.0,58.0,9.0,22.4,3.6,8.1,0.442,1.5,3.8,0.402,2.1,4.3,0.47600000000000003,0.535,0.9,1.2,0.7709999999999999,0.7,3.1,3.7,1.3,0.5,0.1,1.11,1.1,9.6
Alec Burks,2012,20.0,59.0,0.0,15.9,2.6,6.1,0.429,0.3,0.8,0.33299999999999996,2.3,5.3,0.442,0.45,1.8,2.4,0.727,1.0,1.3,2.2,0.9,0.5,0.1,1.11,1.4,7.2
Caron Butler,2012,31.0,63.0,63.0,29.7,4.6,11.2,0.40700000000000003,1.5,4.1,0.358,3.1,7.1,0.435,0.47200000000000003,1.4,1.7,0.813,0.7,3.0,3.7,1.2,0.8,0.1,0.83,2.0,12.0
Jimmy Butler,2012,22.0,42.0,0.0,8.5,0.8,1.9,0.405,0.0,0.3,0.182,0.7,1.6,0.441,0.418,1.0,1.3,0.768,0.5,0.8,1.3,0.3,0.3,0.1,3.33,0.5,2.6
Rasual Butler,2012,32.0,34.0,14.0,13.3,1.2,3.9,0.308,0.6,2.3,0.273,0.6,1.6,0.35700000000000004,0.387,0.2,0.4,0.583,0.2,1.8,1.9,0.6,0.2,0.1,2.5,1.1,3.2
Andrew Bynum,2012,24.0,60.0,60.0,35.2,7.4,13.3,0.5579999999999999,0.0,0.1,0.2,7.4,13.2,0.56,0.5579999999999999,3.9,5.6,0.6920000000000001,3.2,8.6,11.8,1.4,0.5,1.9,0.4,1.7,18.7
Will Bynum,2012,29.0,36.0,0.0,14.3,2.1,5.4,0.381,0.2,0.8,0.24100000000000002,1.9,4.6,0.406,0.39899999999999997,1.4,1.8,0.7659999999999999,0.3,1.3,1.6,1.8,0.6,0.1,0.67,1.7,5.7
Jose Calderon,2012,30.0,53.0,53.0,33.9,4.1,9.0,0.457,1.1,3.0,0.371,3.0,6.0,0.5,0.519,1.1,1.3,0.882,0.4,2.7,3.0,8.8,0.9,0.1,0.5,1.8,10.5
Brian Cardinal,2012,34.0,44.0,0.0,6.3,0.3,1.3,0.255,0.2,1.1,0.204,0.1,0.1,0.667,0.345,0.1,0.1,0.833,0.1,0.7,0.8,0.4,0.2,0.0,5.0,0.9,1.0
Matt Carroll,2012,31.0,53.0,2.0,11.2,1.0,3.0,0.331,0.2,0.8,0.18600000000000003,0.8,2.2,0.386,0.35700000000000004,0.6,0.7,0.789,0.2,0.9,1.1,0.7,0.3,0.1,2.0,1.0,2.7
Anthony Carter,2012,36.0,24.0,0.0,8.7,0.7,2.2,0.321,0.2,0.7,0.294,0.5,1.5,0.33299999999999996,0.368,0.3,0.4,0.8,0.2,1.2,1.4,1.4,0.3,0.2,1.43,0.8,2.0
Vince Carter,2012,35.0,61.0,40.0,25.3,3.7,8.9,0.41100000000000003,1.2,3.4,0.361,2.4,5.5,0.442,0.48,1.6,1.9,0.826,0.5,2.8,3.4,2.3,0.9,0.4,0.71,2.2,10.1
Omri Casspi,2012,23.0,65.0,35.0,20.6,2.6,6.3,0.40299999999999997,0.8,2.6,0.315,1.7,3.8,0.46299999999999997,0.467,1.1,1.7,0.685,1.0,2.5,3.5,1.0,0.6,0.3,1.0,1.8,7.1
Mario Chalmers,2012,25.0,64.0,64.0,28.5,3.5,7.8,0.44799999999999995,1.6,4.1,0.38799999999999996,1.9,3.7,0.513,0.5489999999999999,1.3,1.6,0.792,0.3,2.4,2.7,3.5,1.5,0.2,0.45,2.6,9.8
Tyson Chandler,2012,29.0,62.0,62.0,33.2,3.9,5.7,0.679,0.0,0.0,0.0,3.9,5.7,0.6829999999999999,0.679,3.5,5.1,0.6890000000000001,3.4,6.5,9.9,0.9,0.9,1.4,0.62,3.0,11.3
Wilson Chandler,2012,24.0,8.0,6.0,26.9,3.9,9.9,0.392,0.4,1.5,0.25,3.5,8.4,0.418,0.41100000000000003,1.3,1.5,0.833,0.8,4.4,5.1,2.1,0.8,0.8,0.43,2.3,9.4
Josh Childress,2012,28.0,34.0,0.0,14.4,1.4,2.9,0.485,0.1,0.7,0.16699999999999998,1.3,2.2,0.5870000000000001,0.505,0.0,0.1,0.0,0.9,1.9,2.8,1.0,0.4,0.2,3.33,1.1,2.9
Earl Clark,2012,24.0,45.0,1.0,12.4,1.1,3.1,0.36700000000000005,0.0,0.0,0.0,1.1,3.1,0.36700000000000005,0.36700000000000005,0.5,0.6,0.0,0.8,2.0,2.8,0.4,0.3,0.7,1.67,1.6,2.7
Norris Cole,2012,23.0,65.0,2.0,19.4,2.7,6.9,0.39299999999999996,0.3,1.2,0.276,2.4,5.8,0.41700000000000004,0.41700000000000004,1.0,1.3,0.7759999999999999,0.3,1.1,1.4,2.0,0.7,0.0,0.62,1.9,6.8
Jason Collins,2012,33.0,30.0,10.0,10.3,0.5,1.3,0.4,0.0,0.0,0.0,0.5,1.3,0.4,0.4,0.2,0.5,0.0,0.4,1.2,1.6,0.3,0.1,0.1,3.33,1.1,1.3
Darren Collison,2012,24.0,60.0,56.0,31.3,3.8,8.7,0.44,0.6,1.6,0.36200000000000004,3.3,7.2,0.457,0.47200000000000003,2.1,2.6,0.83,0.5,2.6,3.1,4.8,0.8,0.2,0.53,1.7,10.4
Nick Collison,2012,31.0,63.0,0.0,20.7,1.9,3.2,0.597,0.0,0.0,0.0,1.9,3.2,0.6,0.597,0.7,1.0,0.71,1.9,2.5,4.3,1.3,0.5,0.4,1.0,2.4,4.5
Mike Conley,2012,24.0,62.0,61.0,35.1,4.8,11.0,0.433,1.0,2.6,0.377,3.8,8.5,0.45,0.47700000000000004,2.2,2.5,0.861,0.4,2.2,2.5,6.5,2.2,0.2,0.5,2.1,12.7
Daequan Cook,2012,24.0,57.0,22.0,17.4,1.9,5.2,0.368,1.4,4.0,0.34600000000000003,0.5,1.2,0.441,0.502,0.2,0.4,0.636,0.2,1.9,2.1,0.3,0.4,0.2,3.33,1.2,5.5
DeMarcus Cousins,2012,21.0,64.0,62.0,30.5,7.0,15.6,0.44799999999999995,0.0,0.2,0.14300000000000002,7.0,15.4,0.45299999999999996,0.449,4.1,5.8,0.7020000000000001,4.1,6.8,11.0,1.6,1.5,1.2,0.37,4.0,18.1
Jamal Crawford,2012,31.0,60.0,6.0,26.9,4.7,12.3,0.384,1.3,4.3,0.308,3.4,8.0,0.426,0.43799999999999994,3.2,3.4,0.927,0.3,1.7,2.0,3.2,0.9,0.2,0.53,1.2,14.0
Jordan Crawford,2012,23.0,64.0,32.0,27.4,5.5,13.6,0.4,1.2,4.3,0.289,4.2,9.4,0.451,0.446,2.5,3.2,0.7929999999999999,0.7,1.9,2.6,3.0,0.9,0.1,0.45,1.7,14.7
Dante Cunningham,2012,24.0,64.0,5.0,17.6,2.3,4.4,0.516,0.0,0.0,0.0,2.3,4.3,0.52,0.516,0.7,1.1,0.652,1.4,2.4,3.8,0.6,0.7,0.5,2.0,1.5,5.2
Eddy Curry,2012,29.0,14.0,1.0,5.9,0.9,1.9,0.462,0.0,0.0,0.0,0.9,1.9,0.462,0.462,0.4,0.6,0.0,0.3,0.6,0.9,0.1,0.0,0.1,1.43,1.2,2.1
Stephen Curry,2012,23.0,26.0,23.0,28.2,5.6,11.4,0.49,2.1,4.7,0.455,3.5,6.7,0.514,0.583,1.5,1.8,0.809,0.6,2.8,3.4,5.3,1.5,0.3,0.4,2.4,14.7
Samuel Dalembert,2012,30.0,65.0,45.0,22.2,3.1,6.1,0.506,0.0,0.0,0.0,3.1,6.1,0.508,0.506,1.4,1.7,0.7959999999999999,2.4,4.6,7.0,0.5,0.6,1.7,0.77,2.5,7.5
Erick Dampier,2012,36.0,15.0,0.0,5.5,0.1,0.5,0.125,0.0,0.0,0.0,0.1,0.5,0.125,0.125,0.0,0.0,0.0,0.7,1.0,1.7,0.3,0.1,0.3,5.0,0.6,0.1
Marquis Daniels,2012,31.0,38.0,0.0,12.7,1.4,3.8,0.364,0.0,0.3,0.0,1.4,3.5,0.391,0.364,0.4,0.6,0.7390000000000001,0.4,1.3,1.7,1.2,0.6,0.2,1.43,0.9,3.2
Baron Davis,2012,32.0,29.0,14.0,20.5,2.3,6.3,0.37,0.9,2.9,0.306,1.4,3.4,0.424,0.44,0.6,0.8,0.667,0.4,1.5,1.9,4.7,1.2,0.1,0.38,2.1,6.1
Ed Davis,2012,22.0,66.0,9.0,23.2,2.6,5.1,0.513,0.0,0.0,0.0,2.6,5.1,0.515,0.513,1.1,1.6,0.67,2.0,4.6,6.6,0.9,0.6,1.0,1.0,2.4,6.3
Glen Davis,2012,26.0,61.0,13.0,23.4,3.7,8.8,0.42100000000000004,0.0,0.2,0.14300000000000002,3.7,8.5,0.429,0.423,1.9,2.7,0.6829999999999999,1.8,3.7,5.4,0.8,0.7,0.3,0.83,1.7,9.3
Josh Davis,2012,31.0,15.0,0.0,8.7,0.7,1.8,0.37,0.3,0.9,0.308,0.4,0.9,0.429,0.444,0.3,0.5,0.5,1.1,0.7,1.8,0.4,0.5,0.1,5.0,1.3,1.9
Eric Dawson,2012,27.0,4.0,0.0,9.8,1.8,3.0,0.583,0.0,0.0,0.0,1.8,3.0,0.583,0.583,0.3,0.5,0.0,1.3,1.3,2.5,0.0,0.3,0.5,1.25,1.5,3.8
Austin Daye,2012,23.0,41.0,4.0,14.7,1.8,5.5,0.322,0.3,1.5,0.21,1.5,4.0,0.364,0.35,0.9,1.0,0.8140000000000001,0.3,1.9,2.2,0.8,0.5,0.5,1.0,1.5,4.7
Carlos Delfino,2012,29.0,54.0,53.0,28.5,3.4,8.4,0.402,1.6,4.4,0.36,1.8,4.0,0.449,0.49700000000000005,0.7,0.9,0.792,0.4,3.5,3.9,2.3,1.5,0.2,0.83,1.8,9.0
Luol Deng,2012,26.0,54.0,54.0,39.4,5.8,14.0,0.41200000000000003,1.5,4.0,0.36700000000000005,4.3,10.0,0.43,0.46399999999999997,2.4,3.1,0.77,1.4,5.1,6.5,2.9,1.0,0.7,0.56,1.5,15.3
DeMar DeRozan,2012,22.0,63.0,63.0,35.0,6.0,14.3,0.42200000000000004,0.4,1.5,0.261,5.7,12.9,0.44,0.435,4.3,5.3,0.81,0.6,2.7,3.3,2.0,0.8,0.3,0.5,2.6,16.7
Ike Diogu,2012,28.0,2.0,0.0,7.0,0.0,1.0,0.0,0.0,0.0,0.0,0.0,1.0,0.0,0.0,1.0,1.0,0.0,0.0,0.5,0.5,0.0,0.0,0.0,2.0,0.5,1.0
DeSagana Diop,2012,30.0,27.0,9.0,12.0,0.6,1.6,0.35700000000000004,0.0,0.0,0.0,0.6,1.6,0.35700000000000004,0.35700000000000004,0.0,0.2,0.0,1.2,1.9,3.1,0.9,0.2,0.5,1.43,1.3,1.1
Keyon Dooling,2012,31.0,46.0,2.0,14.4,1.4,3.5,0.405,0.6,1.8,0.33299999999999996,0.8,1.8,0.47600000000000003,0.488,0.5,0.7,0.742,0.1,0.8,0.8,1.1,0.3,0.0,1.43,1.2,4.0
Toney Douglas,2012,25.0,38.0,9.0,17.3,2.5,7.6,0.324,0.7,3.1,0.231,1.8,4.6,0.387,0.371,0.6,0.7,0.846,0.4,1.5,1.9,2.0,0.8,0.0,0.67,1.4,6.2
Goran Dragic,2012,25.0,66.0,28.0,26.5,4.2,9.1,0.462,1.0,3.1,0.337,3.2,6.0,0.525,0.518,2.3,2.9,0.805,0.8,1.7,2.5,5.3,1.3,0.2,0.42,2.5,11.7
Jared Dudley,2012,26.0,65.0,60.0,31.1,4.8,9.9,0.485,1.2,3.2,0.38299999999999995,3.6,6.7,0.535,0.547,1.8,2.5,0.726,1.5,3.2,4.6,1.7,0.8,0.3,0.91,1.6,12.7
Chris Duhon,2012,29.0,63.0,9.0,19.5,1.3,3.2,0.419,0.8,1.9,0.42,0.6,1.3,0.41700000000000004,0.542,0.3,0.3,0.81,0.2,1.4,1.6,2.4,0.6,0.1,0.77,1.1,3.8
Tim Duncan,2012,35.0,58.0,58.0,28.2,6.2,12.6,0.49200000000000005,0.0,0.1,0.0,6.2,12.6,0.495,0.49200000000000005,3.0,4.3,0.695,1.9,7.1,9.0,2.3,0.7,1.5,0.59,1.7,15.4
Mike Dunleavy,2012,31.0,55.0,3.0,26.3,4.3,9.2,0.474,1.5,3.8,0.39899999999999997,2.8,5.4,0.527,0.557,2.1,2.6,0.8109999999999999,0.5,3.2,3.7,2.1,0.5,0.1,0.91,1.6,12.3
Kevin Durant,2012,23.0,66.0,66.0,38.6,9.7,19.7,0.496,2.0,5.2,0.387,7.7,14.4,0.535,0.547,6.5,7.6,0.86,0.6,7.4,8.0,3.5,1.3,1.2,0.26,2.0,28.0
Jerome Dyson,2012,24.0,9.0,1.0,20.0,2.1,5.3,0.396,0.1,0.9,0.125,2.0,4.4,0.45,0.406,3.1,4.0,0.778,0.2,1.9,2.1,2.0,1.2,0.2,0.45,2.1,7.4
Devin Ebanks,2012,22.0,24.0,12.0,16.5,1.5,3.7,0.41600000000000004,0.0,0.4,0.0,1.5,3.3,0.46299999999999997,0.41600000000000004,1.0,1.5,0.657,1.1,1.2,2.3,0.5,0.5,0.3,1.25,1.1,4.0
Wayne Ellington,2012,24.0,51.0,4.0,19.1,2.4,5.9,0.40399999999999997,0.7,2.1,0.324,1.7,3.8,0.44799999999999995,0.462,0.6,0.8,0.8,0.3,1.7,1.9,0.6,0.5,0.2,2.0,1.1,6.1
Francisco Elson,2012,35.0,5.0,0.0,3.2,0.2,0.6,0.33299999999999996,0.0,0.0,0.0,0.2,0.6,0.33299999999999996,0.33299999999999996,0.0,0.0,0.0,0.0,0.2,0.2,0.2,0.2,0.2,5.0,0.0,0.4
Andre Emmett,2012,29.0,6.0,0.0,7.5,0.7,1.2,0.5710000000000001,0.0,0.2,0.0,0.7,1.0,0.667,0.5710000000000001,0.8,1.3,0.625,0.3,0.7,1.0,0.2,0.3,0.2,3.33,0.3,2.2
Semih Erden,2012,25.0,28.0,9.0,11.9,1.4,2.6,0.527,0.0,0.0,0.0,1.4,2.6,0.527,0.527,0.8,1.5,0.0,0.7,1.9,2.6,0.3,0.4,0.2,1.67,2.1,3.5
Jeremy Evans,2012,24.0,29.0,0.0,7.5,0.9,1.4,0.643,0.0,0.0,0.0,0.9,1.4,0.659,0.643,0.3,0.6,0.5,0.7,1.1,1.7,0.4,0.2,0.8,5.0,0.8,2.1
Maurice Evans,2012,33.0,24.0,0.0,14.3,1.9,4.7,0.402,0.7,1.9,0.37799999999999995,1.2,2.8,0.418,0.478,0.4,0.5,0.769,0.3,0.7,1.0,0.4,0.6,0.0,2.5,1.5,4.9
Reggie Evans,2012,31.0,56.0,0.0,13.8,0.6,1.3,0.47200000000000003,0.0,0.0,0.0,0.6,1.3,0.47200000000000003,0.47200000000000003,0.6,1.3,0.0,1.8,3.1,4.8,0.3,0.6,0.1,1.25,2.1,1.9
Tyreke Evans,2012,22.0,63.0,61.0,34.3,6.5,14.3,0.45299999999999996,0.3,1.6,0.20199999999999999,6.2,12.7,0.484,0.46399999999999997,3.2,4.1,0.779,1.0,3.6,4.6,4.5,1.3,0.5,0.37,2.2,16.5
Kenneth Faried,2012,22.0,46.0,39.0,22.5,3.9,6.7,0.586,0.0,0.0,0.0,3.9,6.7,0.586,0.586,2.4,3.6,0.0,3.1,4.6,7.7,0.8,0.7,1.0,0.83,2.5,10.2
Jordan Farmar,2012,25.0,39.0,5.0,21.3,3.8,8.1,0.467,1.4,3.2,0.44,2.4,4.9,0.484,0.5539999999999999,1.5,1.6,0.905,0.2,1.4,1.6,3.3,0.6,0.1,0.59,1.3,10.4
Derrick Favors,2012,20.0,65.0,9.0,21.2,3.4,6.8,0.499,0.0,0.0,0.0,3.4,6.8,0.499,0.499,1.9,3.0,0.0,2.4,4.1,6.5,0.7,0.6,1.0,0.62,2.2,8.8
Raymond Felton,2012,27.0,60.0,56.0,31.8,4.4,10.7,0.40700000000000003,1.0,3.4,0.305,3.3,7.3,0.45299999999999996,0.455,1.7,2.1,0.8059999999999999,0.5,2.0,2.5,6.5,1.3,0.2,0.36,2.0,11.4
Rudy Fernandez,2012,26.0,31.0,1.0,22.9,3.2,7.3,0.44,1.3,3.9,0.32799999999999996,1.9,3.3,0.573,0.529,1.0,1.4,0.698,0.3,1.8,2.1,2.4,1.0,0.1,0.77,1.2,8.6
Landry Fields,2012,23.0,66.0,62.0,28.7,3.6,7.8,0.46,0.5,1.8,0.256,3.1,5.9,0.523,0.49,1.2,2.1,0.562,0.9,3.3,4.2,2.6,1.2,0.3,0.67,1.5,8.8
Jeff Foote,2012,24.0,4.0,0.0,9.8,0.5,1.5,0.33299999999999996,0.0,0.0,0.0,0.5,1.5,0.33299999999999996,0.33299999999999996,0.0,0.0,0.0,0.3,1.3,1.5,0.0,0.0,0.3,2.0,1.3,1.0
Gary Forbes,2012,26.0,48.0,2.0,14.9,2.3,5.6,0.413,0.6,1.7,0.349,1.7,3.9,0.441,0.467,1.4,1.9,0.725,0.6,1.6,2.1,1.1,0.5,0.1,0.91,1.2,6.6
T.J. Ford,2012,28.0,14.0,0.0,13.6,1.4,3.1,0.442,0.1,0.6,0.25,1.2,2.5,0.486,0.465,0.8,1.0,0.7859999999999999,0.2,1.1,1.3,3.2,0.6,0.1,0.62,1.6,3.6
Jeff Foster,2012,35.0,11.0,0.0,12.8,0.8,1.6,0.5,0.1,0.1,1.0,0.7,1.5,0.47100000000000003,0.528,0.5,0.8,0.667,1.6,2.2,3.8,0.4,0.7,0.1,1.67,2.4,2.3
Randy Foye,2012,28.0,65.0,48.0,25.9,3.9,9.9,0.39799999999999996,2.0,5.1,0.386,2.0,4.8,0.41,0.496,1.1,1.3,0.8590000000000001,0.4,1.7,2.1,2.2,0.7,0.4,0.91,2.0,11.0
Jimmer Fredette,2012,22.0,61.0,7.0,18.6,2.8,7.3,0.386,1.3,3.5,0.361,1.5,3.8,0.409,0.473,0.7,0.8,0.833,0.3,0.9,1.2,1.8,0.5,0.0,0.91,1.2,7.6
Channing Frye,2012,28.0,64.0,59.0,26.1,4.0,9.6,0.41600000000000004,1.4,4.1,0.34600000000000003,2.6,5.5,0.469,0.49,1.1,1.3,0.89,1.1,4.8,5.9,1.4,0.7,1.1,1.0,2.8,10.5
Dan Gadzuric,2012,33.0,2.0,0.0,6.5,0.0,1.0,0.0,0.0,0.0,0.0,0.0,1.0,0.0,0.0,0.0,1.0,0.0,0.5,2.0,2.5,0.0,0.5,0.5,2.0,2.0,0.0
Sundiata Gaines,2012,25.0,57.0,12.0,13.9,1.8,4.8,0.376,0.5,1.4,0.341,1.3,3.3,0.392,0.428,1.0,1.7,0.615,0.5,1.4,1.9,2.2,1.0,0.0,1.11,1.0,5.1
Danilo Gallinari,2012,23.0,43.0,40.0,31.4,4.5,10.8,0.414,1.4,4.3,0.32799999999999996,3.1,6.6,0.47,0.479,4.2,4.9,0.871,0.7,4.0,4.7,2.7,1.0,0.5,0.62,2.0,14.6
Francisco Garcia,2012,30.0,49.0,3.0,16.3,1.8,4.7,0.376,0.8,2.7,0.29,1.0,2.0,0.49,0.45899999999999996,0.5,0.6,0.8,0.2,1.8,2.0,0.6,0.7,0.8,2.5,1.5,4.8
Kevin Garnett,2012,35.0,60.0,60.0,31.1,6.5,13.0,0.503,0.1,0.2,0.33299999999999996,6.5,12.8,0.505,0.505,2.7,3.2,0.857,1.1,7.1,8.2,2.9,0.9,1.0,0.56,2.4,15.8
Marc Gasol,2012,27.0,65.0,65.0,36.5,5.5,11.4,0.48200000000000004,0.0,0.2,0.083,5.5,11.2,0.489,0.483,3.6,4.9,0.748,1.8,7.1,8.9,3.1,1.0,1.9,0.53,3.1,14.6
Pau Gasol,2012,31.0,65.0,65.0,37.4,7.1,14.1,0.501,0.1,0.4,0.259,7.0,13.7,0.508,0.504,3.1,4.0,0.782,2.8,7.6,10.4,3.6,0.6,1.4,0.45,2.0,17.4
Rudy Gay,2012,25.0,65.0,65.0,37.3,7.5,16.4,0.455,0.8,2.7,0.312,6.6,13.8,0.48200000000000004,0.48,3.2,4.0,0.7909999999999999,2.0,4.4,6.4,2.3,1.5,0.8,0.4,2.1,19.0
Alonzo Gee,2012,24.0,63.0,31.0,29.0,3.6,8.7,0.41200000000000003,0.7,2.2,0.321,2.9,6.6,0.442,0.452,2.7,3.4,0.7879999999999999,1.6,3.5,5.1,1.8,1.3,0.3,0.56,2.4,10.6
Paul George,2012,21.0,66.0,66.0,29.7,4.3,9.7,0.44,1.4,3.5,0.385,2.9,6.1,0.47200000000000003,0.51,2.2,2.8,0.802,0.8,4.8,5.6,2.4,1.6,0.6,0.56,2.9,12.1
Daniel Gibson,2012,25.0,35.0,7.0,26.2,2.5,7.1,0.35100000000000003,1.6,4.0,0.396,0.9,3.1,0.294,0.462,1.0,1.2,0.7909999999999999,0.3,2.6,2.9,2.2,0.7,0.5,0.77,2.0,7.5
Taj Gibson,2012,26.0,63.0,0.0,20.4,3.2,6.4,0.495,0.0,0.0,0.0,3.2,6.4,0.495,0.495,1.3,2.1,0.0,2.1,3.1,5.3,0.7,0.4,1.3,1.0,2.1,7.7
Manu Ginobili,2012,34.0,34.0,7.0,23.3,4.4,8.4,0.526,1.5,3.7,0.413,2.9,4.7,0.616,0.618,2.6,3.0,0.871,0.5,2.9,3.4,4.4,0.7,0.4,0.53,1.6,12.9
Ryan Gomes,2012,29.0,32.0,2.0,13.3,1.0,3.0,0.326,0.1,0.9,0.138,0.8,2.1,0.409,0.34700000000000003,0.3,0.3,0.727,0.4,1.5,1.9,0.4,0.5,0.0,2.0,1.1,2.3
Drew Gooden,2012,30.0,56.0,46.0,26.2,5.1,11.7,0.43700000000000006,0.3,1.0,0.29100000000000004,4.8,10.8,0.45,0.449,3.1,3.7,0.846,2.3,4.2,6.5,2.6,0.8,0.6,0.53,2.0,13.7
Ben Gordon,2012,28.0,52.0,21.0,26.9,4.5,10.2,0.442,1.2,2.8,0.429,3.3,7.4,0.446,0.501,2.3,2.6,0.86,0.3,2.1,2.3,2.4,0.7,0.2,0.45,2.2,12.5
Eric Gordon,2012,23.0,9.0,9.0,34.4,7.0,15.6,0.45,1.1,4.4,0.25,5.9,11.1,0.53,0.486,5.4,7.2,0.754,0.2,2.6,2.8,3.4,1.4,0.4,0.37,2.2,20.6
Marcin Gortat,2012,27.0,66.0,66.0,32.0,6.5,11.7,0.555,0.0,0.0,0.0,6.5,11.6,0.557,0.555,2.5,3.8,0.649,2.8,7.2,10.0,0.9,0.7,1.5,0.71,2.2,15.4
Andrew Goudelock,2012,23.0,40.0,0.0,10.5,1.7,4.4,0.391,0.7,1.9,0.373,1.0,2.5,0.40399999999999997,0.47100000000000003,0.3,0.3,0.917,0.1,0.7,0.8,0.5,0.1,0.0,2.0,0.8,4.4
Danny Granger,2012,28.0,62.0,62.0,33.3,6.3,15.2,0.41600000000000004,2.0,5.2,0.381,4.3,10.0,0.434,0.48100000000000004,4.1,4.7,0.873,1.3,3.7,5.0,1.8,1.0,0.6,0.56,2.3,18.7
Aaron Gray,2012,27.0,49.0,40.0,16.6,1.7,3.3,0.516,0.0,0.0,0.0,1.7,3.3,0.516,0.516,0.5,1.0,0.0,1.7,4.0,5.7,0.6,0.4,0.3,1.0,2.6,3.9
Danny Green,2012,24.0,66.0,38.0,23.1,3.2,7.2,0.442,1.5,3.5,0.436,1.7,3.7,0.449,0.5489999999999999,1.2,1.5,0.79,0.8,2.6,3.5,1.3,0.9,0.7,1.0,1.6,9.1
Gerald Green,2012,26.0,31.0,2.0,25.2,5.0,10.3,0.48100000000000004,1.4,3.5,0.391,3.6,6.8,0.529,0.5479999999999999,1.6,2.1,0.754,0.5,3.0,3.5,1.1,0.9,0.5,0.56,2.6,12.9
Willie Green,2012,30.0,53.0,2.0,17.4,2.9,6.1,0.47100000000000003,0.9,2.1,0.442,1.9,4.0,0.486,0.5479999999999999,0.9,1.1,0.857,0.3,1.2,1.5,0.8,0.4,0.1,1.67,1.4,7.6
Donte Greene,2012,23.0,53.0,7.0,14.7,2.0,5.0,0.406,0.5,2.0,0.23800000000000002,1.6,3.0,0.516,0.45299999999999996,0.8,1.0,0.8,0.4,2.2,2.5,0.6,0.3,0.5,1.67,1.3,5.4
Blake Griffin,2012,22.0,66.0,66.0,36.2,8.5,15.5,0.5489999999999999,0.0,0.2,0.125,8.5,15.2,0.556,0.55,3.7,7.1,0.521,3.3,7.6,10.9,3.2,0.8,0.7,0.43,3.3,20.7
Hamed Haddadi,2012,26.0,35.0,0.0,5.9,0.7,1.4,0.542,0.0,0.0,0.0,0.7,1.3,0.5529999999999999,0.542,0.5,0.7,0.6920000000000001,0.8,1.2,2.0,0.2,0.0,0.7,1.67,1.2,2.0
Jordan Hamilton,2012,21.0,26.0,2.0,9.9,1.8,4.3,0.43200000000000005,0.7,1.8,0.36200000000000004,1.2,2.5,0.484,0.509,0.1,0.2,0.4,0.4,2.0,2.4,0.8,0.2,0.1,1.67,0.6,4.4
Richard Hamilton,2012,33.0,28.0,28.0,24.9,5.0,11.1,0.452,0.6,1.6,0.37,4.4,9.4,0.466,0.479,1.0,1.3,0.784,0.7,1.6,2.4,3.0,0.4,0.0,0.56,2.0,11.6
Tyler Hansbrough,2012,26.0,66.0,0.0,21.8,2.9,7.3,0.405,0.0,0.0,0.0,2.9,7.2,0.406,0.405,3.4,4.2,0.813,1.7,2.7,4.4,0.5,0.8,0.1,1.0,2.4,9.3
Luke Harangody,2012,24.0,21.0,1.0,11.0,1.1,3.1,0.354,0.2,1.0,0.23800000000000002,0.9,2.1,0.409,0.392,0.4,0.6,0.75,1.0,1.6,2.5,0.3,0.3,0.1,5.0,0.8,2.9
James Harden,2012,22.0,62.0,2.0,31.4,5.0,10.1,0.491,1.8,4.7,0.39,3.1,5.4,0.579,0.5820000000000001,5.0,6.0,0.846,0.5,3.6,4.1,3.7,1.0,0.2,0.45,2.4,16.8
Justin Harper,2012,22.0,14.0,0.0,6.0,0.6,2.2,0.29,0.1,0.9,0.154,0.5,1.3,0.389,0.32299999999999995,0.0,0.1,0.0,0.2,0.6,0.9,0.1,0.1,0.2,2.5,0.4,1.4
Josh Harrellson,2012,22.0,37.0,4.0,14.6,1.7,4.0,0.423,0.5,1.6,0.33899999999999997,1.2,2.4,0.478,0.49,0.4,0.7,0.615,1.3,2.6,3.9,0.3,0.6,0.5,2.0,1.3,4.4
Al Harrington,2012,31.0,64.0,1.0,27.5,5.4,12.1,0.446,1.6,4.7,0.33299999999999996,3.8,7.3,0.519,0.512,1.9,2.8,0.6759999999999999,1.1,5.0,6.1,1.4,0.9,0.2,0.56,2.8,14.2
Devin Harris,2012,28.0,63.0,63.0,27.6,3.8,8.6,0.445,1.2,3.4,0.36200000000000004,2.6,5.2,0.498,0.516,2.5,3.3,0.746,0.2,1.6,1.8,5.0,1.0,0.2,0.53,2.2,11.3
Manny Harris,2012,22.0,26.0,5.0,17.5,2.3,5.8,0.4,0.5,1.4,0.33299999999999996,1.8,4.4,0.42100000000000004,0.44,1.6,2.3,0.695,0.4,2.3,2.7,1.2,0.5,0.2,1.0,1.1,6.7
Terrel Harris,2012,24.0,22.0,1.0,14.5,1.3,3.8,0.349,0.4,1.8,0.205,1.0,2.0,0.47700000000000004,0.39799999999999996,0.6,1.0,0.667,0.8,1.5,2.3,1.2,0.4,0.1,0.91,1.5,3.6
Tobias Harris,2012,19.0,42.0,9.0,11.4,1.9,4.0,0.467,0.1,0.5,0.261,1.7,3.5,0.5,0.485,1.0,1.3,0.815,0.7,1.7,2.4,0.5,0.3,0.2,1.43,1.1,5.0
Udonis Haslem,2012,31.0,64.0,10.0,24.8,2.4,5.6,0.423,0.0,0.0,0.0,2.4,5.6,0.423,0.423,1.3,1.6,0.0,1.8,5.5,7.3,0.7,0.5,0.4,1.11,2.2,6.0
Spencer Hawes,2012,23.0,37.0,29.0,24.9,4.2,8.6,0.489,0.1,0.3,0.25,4.1,8.3,0.498,0.494,1.1,1.5,0.727,2.1,5.2,7.3,2.6,0.4,1.3,0.67,2.7,9.6
Chuck Hayes,2012,28.0,54.0,9.0,19.2,1.4,3.1,0.429,0.0,0.0,0.0,1.4,3.1,0.435,0.429,0.5,0.7,0.667,1.3,3.0,4.3,1.4,0.7,0.3,1.11,2.1,3.2
Gordon Hayward,2012,21.0,66.0,58.0,30.5,4.0,8.9,0.456,0.8,2.4,0.34600000000000003,3.2,6.5,0.496,0.503,2.9,3.5,0.8320000000000001,0.9,2.6,3.5,3.1,0.8,0.6,0.59,1.6,11.8
Lazar Hayward,2012,25.0,26.0,0.0,5.4,0.5,1.5,0.342,0.2,0.5,0.28600000000000003,0.3,0.9,0.375,0.395,0.3,0.5,0.583,0.1,0.5,0.6,0.2,0.1,0.0,3.33,0.7,1.4
Brendan Haywood,2012,32.0,54.0,54.0,21.2,2.2,4.2,0.518,0.0,0.0,0.0,2.2,4.2,0.518,0.518,0.8,1.8,0.0,2.6,3.4,6.0,0.4,0.4,1.0,1.11,2.2,5.2
Gerald Henderson,2012,24.0,55.0,55.0,33.3,6.0,13.1,0.45899999999999996,0.2,0.9,0.23399999999999999,5.8,12.3,0.475,0.467,2.8,3.7,0.76,1.2,2.9,4.1,2.3,0.9,0.4,0.56,2.3,15.1
Xavier Henry,2012,20.0,45.0,0.0,16.9,2.0,5.1,0.395,0.2,0.4,0.41200000000000003,1.8,4.7,0.39299999999999996,0.41,1.2,1.9,0.612,0.5,1.8,2.4,0.8,0.6,0.2,1.25,1.3,5.3
Roy Hibbert,2012,25.0,65.0,65.0,29.8,5.1,10.3,0.49700000000000005,0.0,0.0,0.0,5.1,10.3,0.498,0.49700000000000005,2.6,3.7,0.711,3.3,5.5,8.8,1.7,0.5,2.0,0.5,3.0,12.8
Cory Higgins,2012,22.0,38.0,0.0,11.1,1.4,4.2,0.325,0.1,0.5,0.2,1.3,3.7,0.34299999999999997,0.33799999999999997,1.1,1.6,0.7,0.2,0.7,0.9,0.9,0.1,0.2,1.0,1.1,3.9
George Hill,2012,25.0,50.0,9.0,25.5,3.4,7.6,0.442,1.1,2.9,0.36700000000000005,2.3,4.7,0.489,0.513,1.8,2.3,0.778,0.6,2.4,3.0,2.9,0.8,0.3,1.0,2.0,9.6
Grant Hill,2012,39.0,49.0,46.0,28.1,4.1,9.2,0.446,0.3,1.1,0.264,3.8,8.1,0.47,0.461,1.7,2.2,0.7609999999999999,0.6,2.9,3.5,2.2,0.8,0.6,0.77,1.8,10.2
Kirk Hinrich,2012,31.0,48.0,31.0,25.8,2.5,6.1,0.414,1.0,2.8,0.34600000000000003,1.6,3.3,0.47200000000000003,0.493,0.5,0.7,0.7809999999999999,0.2,1.9,2.1,2.8,0.8,0.2,0.83,2.1,6.6
Darington Hobson,2012,24.0,5.0,0.0,7.8,0.4,2.6,0.154,0.0,1.2,0.0,0.4,1.4,0.28600000000000003,0.154,0.0,0.0,0.0,0.0,0.6,0.6,1.2,0.0,0.0,2.5,0.2,0.8
Jrue Holiday,2012,21.0,65.0,65.0,33.8,5.5,12.8,0.43200000000000005,1.0,2.6,0.38,4.5,10.2,0.445,0.47100000000000003,1.4,1.8,0.7829999999999999,0.9,2.4,3.3,4.5,1.6,0.3,0.48,2.1,13.5
Tyler Honeycutt,2012,21.0,15.0,0.0,5.9,0.5,1.6,0.33299999999999996,0.1,0.2,0.33299999999999996,0.5,1.4,0.33299999999999996,0.354,0.2,0.3,0.6,0.2,0.7,0.9,0.5,0.3,0.2,10.0,0.2,1.3
Al Horford,2012,25.0,11.0,11.0,31.6,5.2,9.4,0.5529999999999999,0.0,0.1,0.0,5.2,9.3,0.5589999999999999,0.5529999999999999,2.0,2.7,0.733,2.4,4.6,7.0,2.2,0.9,1.3,0.67,1.9,12.4
Dennis Horner,2012,23.0,8.0,0.0,2.8,0.1,0.5,0.25,0.0,0.1,0.0,0.1,0.4,0.33299999999999996,0.25,0.4,0.5,0.75,0.3,0.4,0.6,0.0,0.0,0.0,10.0,0.1,0.6
Dwight Howard,2012,26.0,54.0,54.0,38.3,7.7,13.4,0.573,0.0,0.1,0.0,7.7,13.3,0.579,0.573,5.2,10.6,0.491,3.7,10.8,14.5,1.9,1.5,2.1,0.31,2.9,20.6
Josh Howard,2012,31.0,43.0,18.0,23.0,3.3,8.4,0.39899999999999997,0.2,0.9,0.243,3.1,7.5,0.41700000000000004,0.41100000000000003,1.7,2.3,0.773,0.9,2.8,3.7,1.2,0.7,0.2,0.83,2.1,8.7
Juwan Howard,2012,38.0,28.0,0.0,6.8,0.6,2.0,0.309,0.0,0.0,0.0,0.6,2.0,0.309,0.309,0.3,0.4,0.0,0.6,1.0,1.7,0.4,0.1,0.0,1.43,0.6,1.5
Larry Hughes,2012,33.0,9.0,0.0,12.7,0.6,2.4,0.22699999999999998,0.1,0.8,0.14300000000000002,0.4,1.7,0.267,0.25,0.1,0.2,0.5,0.1,0.4,0.6,0.8,0.2,0.0,0.77,1.1,1.3
Kris Humphries,2012,26.0,62.0,62.0,34.9,5.2,10.8,0.48100000000000004,0.0,0.0,0.0,5.2,10.8,0.48100000000000004,0.48100000000000004,3.4,4.5,0.0,3.8,7.2,11.0,1.5,0.8,1.2,0.53,2.8,13.8
Serge Ibaka,2012,22.0,66.0,66.0,27.2,4.0,7.4,0.535,0.0,0.0,0.33299999999999996,4.0,7.4,0.536,0.536,1.2,1.8,0.6609999999999999,2.9,4.6,7.5,0.4,0.5,3.7,0.83,2.7,9.1
Andre Iguodala,2012,28.0,62.0,62.0,35.6,4.6,10.2,0.45399999999999996,1.2,3.1,0.39399999999999996,3.4,7.1,0.48100000000000004,0.514,2.0,3.2,0.617,0.9,5.2,6.1,5.5,1.7,0.5,0.53,1.5,12.4
Ersan Ilyasova,2012,24.0,60.0,41.0,27.6,4.9,10.0,0.49200000000000005,0.9,1.9,0.455,4.1,8.1,0.501,0.535,2.4,3.1,0.7809999999999999,3.3,5.6,8.8,1.2,0.7,0.7,0.77,2.2,13.0
Kyrie Irving,2012,19.0,51.0,51.0,30.5,6.9,14.6,0.469,1.4,3.6,0.39899999999999997,5.4,11.1,0.491,0.517,3.4,3.8,0.872,0.9,2.9,3.7,5.4,1.1,0.4,0.32,2.2,18.5
Royal Ivey,2012,30.0,34.0,0.0,10.4,0.8,2.1,0.35600000000000004,0.5,1.6,0.34,0.2,0.6,0.4,0.479,0.0,0.2,0.125,0.0,0.7,0.7,0.3,0.4,0.0,3.33,1.1,2.1
Jarrett Jack,2012,28.0,45.0,39.0,34.0,5.9,13.0,0.456,0.9,2.5,0.348,5.0,10.5,0.48200000000000004,0.49,2.9,3.3,0.872,0.5,3.4,3.9,6.3,0.7,0.2,0.42,2.1,15.6
Reggie Jackson,2012,21.0,45.0,0.0,11.1,1.1,3.5,0.321,0.3,1.4,0.21,0.8,2.2,0.392,0.36200000000000004,0.6,0.6,0.862,0.3,0.9,1.2,1.6,0.6,0.0,1.25,0.7,3.1
Damion James,2012,24.0,7.0,7.0,24.3,1.9,5.0,0.371,0.0,0.1,0.0,1.9,4.9,0.382,0.371,1.1,1.7,0.667,1.0,3.7,4.7,0.4,1.0,1.0,0.59,2.4,4.9
LeBron James,2012,27.0,62.0,62.0,37.5,10.0,18.9,0.531,0.9,2.4,0.36200000000000004,9.1,16.5,0.556,0.5539999999999999,6.2,8.1,0.7709999999999999,1.5,6.4,7.9,6.2,1.9,0.8,0.29,1.5,27.1
Mike James,2012,36.0,11.0,0.0,10.9,1.8,4.5,0.408,0.5,0.9,0.6,1.3,3.5,0.359,0.469,0.6,0.7,0.875,0.2,0.7,0.9,2.6,0.4,0.2,0.77,1.8,4.8
Antawn Jamison,2012,35.0,65.0,65.0,33.1,6.5,16.1,0.40299999999999997,1.4,4.1,0.341,5.1,12.0,0.425,0.447,2.8,4.2,0.6829999999999999,1.9,4.4,6.3,2.0,0.8,0.7,0.71,2.5,17.2
Al Jefferson,2012,27.0,61.0,61.0,34.0,8.5,17.2,0.49200000000000005,0.0,0.1,0.25,8.4,17.1,0.493,0.493,2.2,2.9,0.774,2.2,7.4,9.6,2.2,0.8,1.7,1.0,2.5,19.2
Jared Jeffries,2012,30.0,39.0,4.0,18.7,1.5,3.7,0.41,0.1,0.4,0.188,1.4,3.3,0.43799999999999994,0.42,1.3,1.8,0.6809999999999999,1.8,2.1,3.9,0.7,0.7,0.6,1.43,2.3,4.4
Charles Jenkins,2012,22.0,51.0,28.0,17.5,2.5,5.7,0.447,0.1,0.4,0.15,2.5,5.3,0.469,0.452,0.7,0.8,0.872,0.2,1.2,1.3,3.3,0.6,0.1,0.83,1.7,5.8
Brandon Jennings,2012,22.0,66.0,66.0,35.3,7.1,17.0,0.418,2.0,5.9,0.332,5.2,11.1,0.46399999999999997,0.47600000000000003,2.9,3.6,0.8079999999999999,0.7,2.7,3.4,5.5,1.6,0.3,0.45,1.7,19.1
Jonas Jerebko,2012,24.0,64.0,13.0,22.9,3.3,7.1,0.46799999999999997,0.5,1.7,0.302,2.8,5.4,0.519,0.503,1.6,1.9,0.8059999999999999,1.5,3.3,4.8,0.7,0.6,0.3,1.0,2.5,8.7
Yi Jianlian,2012,24.0,30.0,0.0,6.8,1.0,2.7,0.37799999999999995,0.1,0.3,0.3,0.9,2.4,0.389,0.396,0.5,0.7,0.667,0.4,1.2,1.6,0.2,0.2,0.3,2.0,0.8,2.6
Amir Johnson,2012,24.0,64.0,43.0,24.3,3.1,5.3,0.5760000000000001,0.0,0.1,0.4,3.0,5.2,0.579,0.579,0.9,1.3,0.69,2.3,4.0,6.4,1.2,0.5,1.1,0.67,3.3,7.1
Carldell Johnson,2012,29.0,15.0,0.0,7.9,0.7,2.3,0.314,0.3,1.0,0.267,0.5,1.3,0.35,0.371,0.1,0.2,0.33299999999999996,0.1,0.5,0.6,1.5,0.5,0.0,2.0,0.7,1.8
Ivan Johnson,2012,27.0,56.0,0.0,16.7,2.5,4.9,0.513,0.0,0.1,0.33299999999999996,2.5,4.8,0.517,0.516,1.3,1.8,0.72,1.2,2.9,4.0,0.6,0.8,0.3,0.83,2.1,6.4
JaJuan Johnson,2012,22.0,36.0,0.0,8.3,1.5,3.4,0.446,0.0,0.0,0.0,1.5,3.4,0.446,0.446,0.2,0.3,0.0,0.6,1.1,1.6,0.2,0.1,0.4,2.5,0.7,3.2
James Johnson,2012,24.0,62.0,40.0,25.2,3.8,8.4,0.45,0.3,1.0,0.317,3.5,7.4,0.467,0.46799999999999997,1.3,1.9,0.7040000000000001,1.2,3.5,4.7,2.0,1.1,1.4,0.62,2.9,9.1
Joe Johnson,2012,30.0,60.0,60.0,35.5,7.1,15.5,0.45399999999999996,2.1,5.4,0.38799999999999996,5.0,10.2,0.489,0.521,2.6,3.1,0.8490000000000001,0.9,2.8,3.7,3.9,0.8,0.2,0.53,1.3,18.8
Trey Johnson,2012,27.0,11.0,0.0,5.5,0.7,1.3,0.5710000000000001,0.0,0.0,0.0,0.7,1.3,0.5710000000000001,0.5710000000000001,0.5,0.5,0.0,0.3,0.8,1.1,0.4,0.1,0.0,2.0,0.9,1.9
Wesley Johnson,2012,24.0,65.0,64.0,22.6,2.4,6.1,0.39799999999999996,0.8,2.6,0.314,1.6,3.5,0.461,0.465,0.4,0.5,0.706,0.4,2.4,2.7,0.9,0.5,0.7,1.11,1.8,6.0
Dahntay Jones,2012,31.0,65.0,3.0,16.2,1.8,4.3,0.409,0.5,1.2,0.429,1.3,3.1,0.402,0.46799999999999997,1.3,1.5,0.838,0.4,1.4,1.8,1.0,0.4,0.2,1.43,1.8,5.3
Dominique Jones,2012,23.0,33.0,1.0,8.1,0.9,2.2,0.397,0.0,0.2,0.125,0.8,2.0,0.431,0.40399999999999997,0.9,1.1,0.784,0.3,1.1,1.3,1.3,0.3,0.2,1.25,0.8,2.7
James Jones,2012,31.0,51.0,10.0,13.1,1.1,2.9,0.38,0.9,2.2,0.40399999999999997,0.2,0.7,0.306,0.5329999999999999,0.5,0.6,0.833,0.1,0.8,1.0,0.4,0.3,0.2,5.0,0.9,3.6
DeAndre Jordan,2012,23.0,66.0,66.0,27.2,3.1,4.9,0.632,0.0,0.0,0.0,3.1,4.9,0.634,0.632,1.1,2.1,0.525,3.1,5.2,8.3,0.3,0.5,2.0,0.91,2.9,7.4
Jerome Jordan,2012,25.0,21.0,0.0,5.1,0.8,1.6,0.515,0.0,0.0,0.0,0.8,1.6,0.515,0.515,0.4,0.5,0.0,0.7,0.6,1.3,0.2,0.0,0.3,10.0,0.7,2.0
Cory Joseph,2012,20.0,29.0,1.0,9.2,0.8,2.4,0.314,0.1,0.5,0.2,0.7,1.9,0.345,0.336,0.4,0.6,0.647,0.2,0.7,0.9,1.2,0.2,0.1,2.5,0.6,2.0
Chris Kaman,2012,29.0,47.0,33.0,29.2,5.7,12.7,0.446,0.0,0.0,0.0,5.7,12.7,0.446,0.446,1.8,2.3,0.0,1.9,5.9,7.7,2.1,0.5,1.6,0.37,2.3,13.1
Enes Kanter,2012,19.0,66.0,0.0,13.2,1.8,3.6,0.496,0.0,0.0,0.0,1.8,3.6,0.498,0.496,1.1,1.6,0.667,1.6,2.6,4.2,0.1,0.3,0.3,1.25,1.3,4.6
Jason Kapono,2012,30.0,27.0,0.0,10.0,0.8,2.0,0.382,0.3,1.0,0.29600000000000004,0.5,1.0,0.46399999999999997,0.455,0.1,0.1,1.0,0.1,0.4,0.5,0.4,0.1,0.0,5.0,0.8,2.0
D.J. Kennedy,2012,22.0,2.0,0.0,29.5,2.5,6.0,0.41700000000000004,1.0,2.0,0.5,1.5,4.0,0.375,0.5,0.0,1.0,0.0,0.5,3.0,3.5,1.5,1.0,0.0,0.67,3.5,6.0
Jason Kidd,2012,38.0,48.0,48.0,28.7,2.1,5.7,0.363,1.6,4.6,0.354,0.4,1.0,0.4,0.507,0.5,0.6,0.7859999999999999,0.3,3.8,4.1,5.5,1.7,0.2,0.53,1.7,6.2
Linas Kleiza,2012,27.0,49.0,3.0,21.6,3.4,8.4,0.402,1.3,3.7,0.34600000000000003,2.1,4.7,0.446,0.478,1.7,2.0,0.81,0.9,3.2,4.1,0.9,0.5,0.1,0.77,2.4,9.7
Brandon Knight,2012,20.0,66.0,60.0,32.3,4.8,11.7,0.415,1.6,4.2,0.38,3.2,7.5,0.434,0.483,1.6,2.1,0.759,0.5,2.7,3.2,3.8,0.7,0.2,0.38,2.3,12.8
Kyle Korver,2012,30.0,65.0,7.0,22.6,2.7,6.3,0.43200000000000005,1.8,4.2,0.435,0.9,2.2,0.426,0.575,0.8,1.0,0.833,0.4,2.0,2.4,1.7,0.6,0.2,1.25,1.7,8.1
Kosta Koufos,2012,22.0,48.0,24.0,16.5,2.4,4.0,0.599,0.0,0.0,0.0,2.4,4.0,0.599,0.599,0.7,1.1,0.0,2.0,3.4,5.4,0.3,0.5,0.9,1.43,2.0,5.5
Carl Landry,2012,28.0,41.0,8.0,24.4,4.4,8.8,0.503,0.0,0.1,0.0,4.4,8.8,0.507,0.503,3.6,4.5,0.799,1.9,3.3,5.2,0.9,0.3,0.3,0.62,2.2,12.5
Ty Lawson,2012,24.0,61.0,61.0,34.8,6.1,12.6,0.488,1.2,3.3,0.365,4.9,9.3,0.531,0.535,2.9,3.5,0.8240000000000001,0.9,2.8,3.7,6.6,1.3,0.1,0.42,1.5,16.4
Courtney Lee,2012,26.0,58.0,26.0,30.3,4.3,10.0,0.433,1.5,3.7,0.401,2.8,6.3,0.452,0.508,1.2,1.5,0.826,0.4,2.3,2.7,1.5,1.2,0.4,0.91,1.8,11.4
David Lee,2012,28.0,57.0,57.0,37.2,8.1,16.2,0.503,0.0,0.1,0.0,8.1,16.1,0.506,0.503,3.8,4.9,0.782,3.0,6.6,9.6,2.8,0.9,0.4,0.38,3.1,20.1
Malcolm Lee,2012,21.0,19.0,0.0,12.8,1.2,3.1,0.39,0.1,0.5,0.2,1.1,2.6,0.429,0.40700000000000003,0.7,0.9,0.8240000000000001,0.5,0.9,1.4,1.6,0.4,0.2,1.11,1.2,3.3
Kawhi Leonard,2012,20.0,64.0,39.0,24.0,3.1,6.3,0.493,0.6,1.7,0.376,2.5,4.6,0.536,0.5429999999999999,1.1,1.4,0.773,1.6,3.5,5.1,1.1,1.3,0.4,1.43,1.4,7.9
Travis Leslie,2012,21.0,10.0,0.0,4.5,0.5,1.4,0.35700000000000004,0.0,0.0,0.0,0.5,1.4,0.35700000000000004,0.35700000000000004,0.4,0.9,0.0,0.6,0.3,0.9,0.5,0.2,0.2,5.0,0.4,1.4
Jon Leuer,2012,22.0,46.0,12.0,12.1,2.1,4.2,0.508,0.1,0.2,0.33299999999999996,2.0,4.0,0.516,0.516,0.5,0.6,0.75,1.0,1.6,2.6,0.5,0.3,0.4,2.5,1.5,4.7
Rashard Lewis,2012,32.0,28.0,15.0,26.0,3.0,7.9,0.385,0.6,2.4,0.239,2.5,5.5,0.44799999999999995,0.42100000000000004,1.1,1.3,0.838,1.2,2.7,3.9,1.0,0.8,0.4,0.91,1.8,7.8
DeAndre Liggins,2012,23.0,17.0,0.0,6.8,0.7,1.5,0.48,0.0,0.2,0.0,0.7,1.2,0.5710000000000001,0.48,0.5,1.1,0.474,0.4,0.5,0.9,0.3,0.4,0.0,1.67,0.4,1.9
Jeremy Lin,2012,23.0,35.0,25.0,26.9,4.9,10.9,0.446,0.7,2.1,0.32,4.2,8.8,0.47700000000000004,0.478,4.2,5.2,0.7979999999999999,0.5,2.5,3.1,6.2,1.6,0.3,0.28,2.2,14.6
Shaun Livingston,2012,26.0,58.0,27.0,18.8,2.2,4.7,0.469,0.0,0.1,0.667,2.2,4.6,0.466,0.47200000000000003,1.1,1.4,0.785,0.7,1.4,2.1,2.1,0.5,0.3,0.91,1.4,5.5
Brook Lopez,2012,23.0,5.0,5.0,27.2,7.6,15.4,0.494,0.0,0.0,0.0,7.6,15.4,0.494,0.494,4.0,6.4,0.0,1.6,2.0,3.6,1.2,0.2,0.8,0.83,1.6,19.2
Robin Lopez,2012,23.0,64.0,0.0,14.0,1.9,4.2,0.461,0.0,0.0,0.0,1.9,4.2,0.461,0.461,1.6,2.2,0.0,1.4,1.9,3.3,0.3,0.3,0.9,1.43,2.0,5.4
Kevin Love,2012,23.0,55.0,55.0,39.0,8.6,19.3,0.44799999999999995,1.9,5.1,0.37200000000000005,6.7,14.1,0.475,0.49700000000000005,6.9,8.4,0.8240000000000001,4.1,9.2,13.3,2.0,0.9,0.5,0.43,2.8,26.0
Kyle Lowry,2012,25.0,47.0,38.0,32.1,4.5,10.9,0.409,1.7,4.5,0.374,2.8,6.4,0.434,0.486,3.6,4.2,0.8640000000000001,0.8,3.7,4.5,6.6,1.6,0.3,0.36,2.8,14.3
John Lucas III,2012,29.0,49.0,2.0,14.8,2.9,7.3,0.39899999999999997,1.1,2.9,0.39299999999999996,1.8,4.4,0.40399999999999997,0.47600000000000003,0.6,0.7,0.875,0.4,1.1,1.6,2.2,0.4,0.0,1.11,0.9,7.5
Shelvin Mack,2012,21.0,64.0,0.0,12.2,1.4,3.4,0.4,0.2,0.7,0.28600000000000003,1.2,2.8,0.42700000000000005,0.42700000000000005,0.7,0.9,0.7120000000000001,0.2,1.3,1.4,2.0,0.4,0.0,1.25,0.8,3.6
Vernon Macklin,2012,25.0,23.0,0.0,5.9,0.8,1.5,0.5429999999999999,0.0,0.0,0.0,0.8,1.5,0.5429999999999999,0.5429999999999999,0.3,0.6,0.0,0.6,0.9,1.5,0.2,0.2,0.2,10.0,0.4,2.0
Corey Maggette,2012,32.0,32.0,28.0,27.5,4.3,11.7,0.373,0.8,2.1,0.364,3.6,9.6,0.375,0.405,5.6,6.5,0.856,0.7,3.3,3.9,1.2,0.7,0.0,0.56,2.6,15.0
Jamaal Magloire,2012,33.0,34.0,1.0,11.0,0.5,1.3,0.37799999999999995,0.0,0.0,0.0,0.5,1.3,0.37799999999999995,0.37799999999999995,0.2,0.8,0.0,0.7,2.6,3.3,0.2,0.1,0.3,1.67,1.9,1.2
Ian Mahinmi,2012,25.0,61.0,12.0,18.7,2.1,3.9,0.546,0.0,0.0,0.0,2.1,3.9,0.5489999999999999,0.546,1.5,2.4,0.639,1.8,3.0,4.7,0.2,0.6,0.5,1.25,2.9,5.8
Shawn Marion,2012,33.0,63.0,63.0,30.5,4.6,10.3,0.446,0.3,1.1,0.294,4.3,9.2,0.46399999999999997,0.461,1.2,1.5,0.7959999999999999,2.3,5.1,7.4,2.1,1.1,0.6,0.62,1.4,10.6
Cartier Martin,2012,27.0,17.0,2.0,23.0,3.5,7.9,0.44,1.7,4.4,0.387,1.8,3.5,0.508,0.5489999999999999,0.6,1.1,0.579,0.7,2.7,3.4,0.6,0.6,0.1,1.25,2.1,9.3
Kenyon Martin,2012,34.0,42.0,0.0,22.4,2.3,5.2,0.441,0.1,0.3,0.231,2.2,4.9,0.45399999999999996,0.44799999999999995,0.5,1.3,0.37,1.2,3.1,4.3,0.4,1.0,1.0,1.25,2.5,5.2
Kevin Martin,2012,28.0,40.0,40.0,31.6,5.6,13.4,0.413,2.0,5.6,0.34700000000000003,3.6,7.8,0.462,0.486,4.0,4.5,0.894,0.3,2.3,2.7,2.8,0.7,0.1,0.56,1.8,17.1
Roger Mason,2012,31.0,52.0,0.0,13.4,2.0,5.0,0.39899999999999997,1.1,3.0,0.38299999999999995,0.8,2.0,0.423,0.514,0.4,0.5,0.778,0.1,1.2,1.3,0.9,0.3,0.1,1.67,0.6,5.5
Wesley Matthews,2012,25.0,66.0,53.0,33.8,4.8,11.6,0.41200000000000003,2.0,5.1,0.38299999999999995,2.8,6.5,0.434,0.496,2.2,2.6,0.86,0.8,2.5,3.4,1.7,1.5,0.2,0.91,2.2,13.7
Jason Maxiell,2012,28.0,65.0,42.0,22.6,2.8,5.9,0.478,0.0,0.0,0.0,2.8,5.9,0.48,0.478,0.9,1.6,0.547,1.9,3.2,5.1,0.6,0.5,0.8,0.91,2.3,6.5
Eric Maynor,2012,24.0,9.0,0.0,15.2,1.6,4.3,0.359,0.7,1.9,0.353,0.9,2.4,0.364,0.436,0.4,0.4,1.0,0.3,1.1,1.4,2.4,0.6,0.0,0.83,1.4,4.2
O.J. Mayo,2012,24.0,66.0,0.0,26.8,4.5,11.2,0.408,1.5,4.2,0.364,3.0,7.0,0.434,0.47600000000000003,2.0,2.6,0.773,0.5,2.7,3.2,2.6,1.1,0.3,0.53,2.1,12.6
Luc Mbah a Moute,2012,25.0,43.0,22.0,23.5,3.1,6.1,0.51,0.0,0.1,0.25,3.1,6.0,0.514,0.511,1.5,2.4,0.6409999999999999,1.8,3.5,5.3,0.7,0.9,0.5,1.11,2.2,7.7
Tracy McGrady,2012,32.0,52.0,0.0,16.1,1.9,4.4,0.43700000000000006,0.3,0.6,0.455,1.7,3.8,0.434,0.47,1.1,1.6,0.675,0.4,2.5,3.0,2.1,0.3,0.3,1.0,0.7,5.3
Dominic McGuire,2012,26.0,64.0,6.0,17.6,1.5,3.3,0.44799999999999995,0.0,0.1,0.0,1.5,3.2,0.456,0.44799999999999995,0.6,0.8,0.736,1.1,2.7,3.8,1.7,0.7,0.6,1.11,1.6,3.5
Josh McRoberts,2012,24.0,50.0,6.0,14.4,1.1,2.4,0.475,0.1,0.1,0.429,1.1,2.2,0.47700000000000004,0.48700000000000004,0.5,0.7,0.639,1.2,2.2,3.4,1.0,0.3,0.4,1.67,1.5,2.8
Jodie Meeks,2012,24.0,66.0,50.0,24.9,2.9,7.1,0.409,1.5,4.0,0.365,1.4,3.0,0.46799999999999997,0.513,1.2,1.3,0.9059999999999999,0.3,2.2,2.4,0.8,0.6,0.0,2.5,1.2,8.4
C.J. Miles,2012,24.0,56.0,14.0,20.4,3.2,8.3,0.381,0.8,2.7,0.307,2.3,5.6,0.41600000000000004,0.43,1.9,2.4,0.794,0.5,1.6,2.1,1.2,0.8,0.3,1.11,2.2,9.1
Darko Milicic,2012,26.0,29.0,23.0,16.3,2.0,4.5,0.45399999999999996,0.0,0.0,0.0,2.0,4.5,0.45399999999999996,0.45399999999999996,0.6,1.3,0.0,1.2,2.1,3.3,0.6,0.3,0.9,0.91,2.0,4.6
Andre Miller,2012,35.0,66.0,7.0,27.4,3.7,8.4,0.43799999999999994,0.3,1.3,0.217,3.4,7.1,0.478,0.455,2.1,2.6,0.8109999999999999,0.8,2.5,3.3,6.7,1.0,0.1,0.37,2.0,9.7
Brad Miller,2012,35.0,15.0,1.0,9.7,0.6,1.8,0.33299999999999996,0.5,1.0,0.467,0.1,0.8,0.16699999999999998,0.46299999999999997,0.7,0.8,0.833,0.3,1.0,1.3,1.6,0.3,0.1,1.25,0.7,2.3
Mike Miller,2012,31.0,39.0,2.0,19.3,2.3,5.4,0.435,1.4,3.0,0.45299999999999996,1.0,2.4,0.413,0.562,0.1,0.1,0.4,0.6,2.7,3.3,1.1,0.4,0.2,1.25,1.5,6.1
Patrick Mills,2012,23.0,16.0,3.0,16.3,3.9,8.1,0.485,1.5,3.5,0.429,2.4,4.6,0.527,0.5770000000000001,0.9,0.9,1.0,0.3,1.5,1.8,2.4,0.6,0.1,0.62,0.9,10.3
Paul Millsap,2012,26.0,64.0,62.0,32.8,6.7,13.5,0.495,0.1,0.5,0.226,6.5,13.0,0.505,0.499,3.2,4.0,0.792,2.8,6.0,8.8,2.3,1.8,0.8,0.56,3.5,16.6
Nazr Mohammed,2012,34.0,63.0,1.0,11.0,1.3,2.7,0.467,0.0,0.0,0.0,1.3,2.7,0.47,0.467,0.2,0.4,0.565,0.9,1.8,2.7,0.2,0.3,0.6,2.5,1.6,2.7
Greg Monroe,2012,21.0,66.0,66.0,31.5,6.2,11.8,0.521,0.0,0.0,0.0,6.2,11.8,0.522,0.521,3.0,4.1,0.7390000000000001,3.6,6.0,9.7,2.3,1.3,0.7,0.42,2.7,15.4
Jamario Moon,2012,31.0,8.0,0.0,15.4,0.9,3.0,0.292,0.3,1.3,0.2,0.6,1.8,0.35700000000000004,0.33299999999999996,0.3,0.3,1.0,0.3,2.5,2.8,0.6,0.1,0.6,1.0,0.6,2.3
E'Twaun Moore,2012,22.0,38.0,0.0,8.7,1.1,3.0,0.381,0.4,1.2,0.37799999999999995,0.7,1.8,0.382,0.456,0.2,0.2,1.0,0.1,0.8,0.9,0.9,0.3,0.1,1.67,0.9,2.9
Mikki Moore,2012,36.0,7.0,0.0,16.9,1.3,2.9,0.45,0.0,0.0,0.0,1.3,2.9,0.45,0.45,0.9,1.0,0.0,1.0,2.1,3.1,0.7,0.4,0.4,1.0,3.4,3.4
Darius Morris,2012,21.0,19.0,0.0,8.9,0.9,2.2,0.429,0.2,0.5,0.444,0.7,1.7,0.424,0.47600000000000003,0.3,0.5,0.667,0.1,0.7,0.8,1.1,0.1,0.0,1.0,0.8,2.4
Marcus Morris,2012,22.0,17.0,0.0,7.4,0.9,3.2,0.29600000000000004,0.1,1.0,0.11800000000000001,0.8,2.2,0.37799999999999995,0.315,0.4,0.5,0.75,0.3,0.6,0.9,0.2,0.1,0.1,5.0,0.7,2.4
Markieff Morris,2012,22.0,63.0,7.0,19.5,2.8,6.9,0.39899999999999997,0.7,2.0,0.34700000000000003,2.1,5.0,0.42,0.44799999999999995,1.2,1.7,0.7170000000000001,1.1,3.3,4.4,1.0,0.7,0.7,0.91,2.8,7.4
Anthony Morrow,2012,26.0,62.0,18.0,26.4,4.4,10.6,0.413,1.7,4.6,0.371,2.7,6.0,0.446,0.494,1.6,1.7,0.9329999999999999,0.5,1.5,2.0,1.0,0.7,0.1,0.91,1.4,12.0
Timofey Mozgov,2012,25.0,44.0,35.0,15.6,2.3,4.3,0.526,0.0,0.0,0.0,2.3,4.3,0.526,0.526,0.9,1.3,0.0,1.2,2.9,4.1,0.5,0.3,1.0,0.83,2.0,5.4
Byron Mullens,2012,22.0,65.0,25.0,22.5,3.9,9.1,0.425,0.2,0.8,0.235,3.7,8.3,0.44299999999999995,0.435,1.4,1.7,0.821,1.5,3.6,5.0,0.9,0.3,0.8,0.91,2.1,9.3
Troy Murphy,2012,31.0,59.0,0.0,16.2,1.3,2.9,0.45,0.5,1.1,0.418,0.8,1.8,0.47100000000000003,0.532,0.1,0.2,0.667,0.7,2.6,3.2,0.9,0.3,0.3,2.5,1.7,3.2
Eduardo Najera,2012,35.0,22.0,0.0,12.3,1.1,2.9,0.375,0.4,1.3,0.276,0.7,1.6,0.457,0.43799999999999994,0.1,0.2,0.5,0.5,1.8,2.3,0.5,0.9,0.2,3.33,1.8,2.6
Steve Nash,2012,37.0,62.0,62.0,31.6,4.8,9.0,0.532,0.9,2.3,0.39,3.9,6.7,0.58,0.581,2.0,2.3,0.894,0.4,2.6,3.0,10.7,0.6,0.1,0.27,0.9,12.5
Gary Neal,2012,27.0,56.0,7.0,21.5,3.8,8.7,0.436,1.5,3.5,0.419,2.3,5.1,0.44799999999999995,0.522,0.9,1.1,0.7809999999999999,0.2,1.9,2.1,2.1,0.5,0.0,0.91,1.3,9.9
Jameer Nelson,2012,29.0,57.0,57.0,29.9,4.5,10.6,0.42700000000000005,1.5,4.1,0.377,3.0,6.6,0.45899999999999996,0.499,1.2,1.5,0.807,0.5,2.7,3.2,5.7,0.7,0.1,0.42,2.3,11.9
Joakim Noah,2012,26.0,64.0,64.0,30.4,3.9,7.7,0.508,0.0,0.0,0.0,3.9,7.6,0.509,0.508,2.4,3.2,0.748,3.8,6.0,9.8,2.5,0.6,1.4,0.71,2.5,10.2
Andres Nocioni,2012,32.0,11.0,1.0,5.1,0.5,1.8,0.25,0.1,0.5,0.16699999999999998,0.4,1.3,0.28600000000000003,0.275,0.5,1.0,0.545,0.1,1.2,1.3,0.1,0.1,0.1,2.0,0.4,1.5
Steve Novak,2012,28.0,54.0,0.0,18.9,3.0,6.2,0.478,2.5,5.2,0.47200000000000003,0.5,1.0,0.509,0.675,0.4,0.5,0.846,0.2,1.8,1.9,0.2,0.3,0.2,2.5,1.1,8.8
Dirk Nowitzki,2012,33.0,62.0,62.0,33.5,7.6,16.7,0.457,1.3,3.4,0.368,6.4,13.3,0.48100000000000004,0.495,5.1,5.7,0.8959999999999999,0.7,6.0,6.7,2.2,0.7,0.5,0.53,2.1,21.6
Jermaine O'Neal,2012,33.0,25.0,24.0,22.8,2.1,4.8,0.433,0.0,0.0,0.0,2.1,4.8,0.433,0.433,0.8,1.2,0.0,1.5,3.9,5.4,0.4,0.3,1.7,1.25,3.2,5.0
Lamar Odom,2012,32.0,50.0,4.0,20.5,2.5,7.0,0.35200000000000004,0.6,2.2,0.252,1.9,4.8,0.39899999999999997,0.39299999999999996,1.2,2.0,0.5920000000000001,0.7,3.4,4.2,1.7,0.4,0.4,1.0,1.9,6.6
Emeka Okafor,2012,29.0,27.0,27.0,28.9,4.2,7.9,0.5329999999999999,0.0,0.0,0.0,4.2,7.9,0.5329999999999999,0.5329999999999999,1.4,2.7,0.0,2.6,5.3,7.9,0.9,0.6,1.0,0.71,2.7,9.9
Mehmet Okur,2012,32.0,17.0,14.0,26.7,3.1,8.2,0.374,1.4,4.2,0.319,1.7,3.9,0.433,0.457,0.2,0.3,0.6,1.3,3.5,4.8,1.8,0.5,0.3,0.67,2.6,7.6
Daniel Orton,2012,21.0,16.0,2.0,11.7,1.1,1.9,0.5670000000000001,0.0,0.1,0.0,1.1,1.8,0.586,0.5670000000000001,0.7,1.6,0.44,1.2,1.3,2.4,0.3,0.5,0.6,2.5,1.9,2.8
Travis Outlaw,2012,27.0,39.0,5.0,12.8,1.5,4.5,0.34299999999999997,0.4,1.5,0.267,1.1,2.9,0.38299999999999995,0.389,0.8,1.2,0.674,0.5,1.1,1.6,0.4,0.5,0.5,2.0,0.9,4.3
Larry Owens,2012,29.0,7.0,0.0,10.7,0.6,1.6,0.364,0.3,0.7,0.4,0.3,0.9,0.33299999999999996,0.455,0.4,0.6,0.75,0.3,1.6,1.9,0.6,0.0,0.1,3.33,1.4,1.9
Zaza Pachulia,2012,27.0,58.0,44.0,28.3,2.9,5.8,0.499,0.0,0.0,0.0,2.9,5.8,0.499,0.499,2.0,2.7,0.0,2.7,5.2,7.9,1.4,0.9,0.5,0.71,3.0,7.8
Jannero Pargo,2012,32.0,50.0,0.0,13.4,2.1,5.1,0.415,1.1,2.8,0.384,1.0,2.3,0.452,0.52,0.4,0.4,0.95,0.2,1.3,1.5,1.9,0.4,0.0,1.0,1.3,5.6
Jeremy Pargo,2012,25.0,44.0,5.0,9.6,1.1,3.4,0.33299999999999996,0.2,0.9,0.263,0.9,2.5,0.35700000000000004,0.36700000000000005,0.4,0.6,0.593,0.3,0.6,0.8,1.3,0.3,0.0,1.0,1.0,2.9
Anthony Parker,2012,36.0,51.0,51.0,25.1,2.8,6.4,0.433,1.0,2.7,0.36200000000000004,1.8,3.7,0.484,0.509,0.7,1.1,0.625,0.2,2.5,2.7,2.4,0.7,0.1,1.0,1.3,7.2
Tony Parker,2012,29.0,60.0,60.0,32.1,7.1,14.8,0.48,0.2,1.0,0.23,6.9,13.8,0.498,0.488,3.8,4.7,0.799,0.4,2.5,2.9,7.7,1.0,0.1,0.38,1.3,18.3
Chandler Parsons,2012,23.0,63.0,57.0,28.6,3.9,8.7,0.452,1.0,2.8,0.337,3.0,5.9,0.507,0.506,0.7,1.2,0.551,1.4,3.3,4.8,2.1,1.2,0.5,0.77,2.3,9.5
Patrick Patterson,2012,22.0,64.0,1.0,23.2,3.5,8.0,0.44,0.0,0.0,0.0,3.5,7.9,0.44299999999999995,0.44,0.6,0.9,0.7020000000000001,1.8,2.7,4.5,0.8,0.4,0.6,1.25,1.8,7.7
Chris Paul,2012,26.0,60.0,60.0,36.4,7.1,14.8,0.478,1.3,3.6,0.371,5.8,11.3,0.511,0.522,4.3,5.0,0.861,0.7,2.9,3.6,9.1,2.5,0.1,0.48,2.3,19.8
Sasha Pavlovic,2012,28.0,45.0,7.0,11.7,1.1,2.8,0.391,0.4,1.3,0.293,0.7,1.6,0.47100000000000003,0.457,0.1,0.2,0.375,0.1,1.5,1.6,0.4,0.4,0.3,2.5,1.2,2.7
Nikola Pekovic,2012,26.0,47.0,35.0,26.9,5.4,9.7,0.564,0.0,0.0,0.0,5.4,9.7,0.564,0.564,3.0,4.0,0.0,3.9,3.5,7.4,0.7,0.6,0.7,0.53,2.1,13.9
Kendrick Perkins,2012,27.0,65.0,65.0,26.8,2.0,4.0,0.489,0.0,0.0,0.0,2.0,4.0,0.489,0.489,1.1,1.7,0.0,1.8,4.7,6.6,1.2,0.4,1.1,0.56,2.9,5.1
Johan Petro,2012,26.0,59.0,10.0,15.6,1.8,4.4,0.419,0.0,0.0,1.0,1.8,4.4,0.41700000000000004,0.42100000000000004,0.5,0.6,0.838,1.2,2.6,3.8,0.8,0.4,0.4,1.67,2.1,4.2
Paul Pierce,2012,34.0,61.0,61.0,34.0,6.5,14.6,0.44299999999999995,1.6,4.5,0.366,4.8,10.1,0.47600000000000003,0.499,4.8,5.6,0.852,0.6,4.6,5.2,4.5,1.1,0.4,0.36,2.4,19.4
Mickael Pietrus,2012,29.0,42.0,6.0,21.9,2.5,6.4,0.385,1.5,4.3,0.335,1.0,2.1,0.489,0.498,0.5,0.7,0.645,0.4,2.7,3.1,0.6,0.5,0.2,1.25,1.9,6.9
Dexter Pittman,2012,23.0,35.0,6.0,8.6,1.3,2.7,0.46799999999999997,0.0,0.0,0.0,1.3,2.7,0.46799999999999997,0.46799999999999997,0.5,0.8,0.0,0.8,1.3,2.0,0.3,0.2,0.2,2.0,2.1,3.0
Quincy Pondexter,2012,23.0,64.0,8.0,15.7,1.7,3.7,0.452,0.3,1.1,0.301,1.3,2.6,0.518,0.498,0.5,0.8,0.623,0.9,1.1,2.0,0.4,0.4,0.1,2.0,1.4,4.2
A.J. Price,2012,25.0,44.0,1.0,12.9,1.3,4.0,0.33899999999999997,0.6,2.0,0.295,0.8,2.0,0.384,0.414,0.6,0.8,0.8,0.3,1.1,1.4,2.0,0.5,0.0,1.43,0.7,3.9
Ronnie Price,2012,28.0,36.0,8.0,14.4,1.4,3.6,0.377,0.4,1.2,0.295,1.0,2.4,0.419,0.42700000000000005,0.6,0.7,0.8,0.5,1.1,1.6,1.9,0.9,0.1,0.77,2.0,3.6
Tayshaun Prince,2012,31.0,63.0,63.0,33.1,5.3,12.7,0.42100000000000004,0.6,1.7,0.35600000000000004,4.7,11.0,0.431,0.444,1.4,1.8,0.774,1.1,3.3,4.5,2.4,0.4,0.5,0.83,1.2,12.7
Joel Przybilla,2012,32.0,27.0,19.0,16.6,0.8,1.8,0.45799999999999996,0.0,0.0,0.0,0.8,1.8,0.45799999999999996,0.45799999999999996,0.4,0.7,0.0,1.1,4.0,5.1,0.2,0.1,0.6,1.25,2.4,2.0
Vladimir Radmanovic,2012,31.0,49.0,3.0,15.4,1.5,4.0,0.376,1.0,2.8,0.37,0.5,1.3,0.387,0.503,0.4,0.6,0.759,0.7,2.2,2.9,1.1,0.4,0.3,1.43,1.3,4.5
Anthony Randolph,2012,22.0,34.0,5.0,15.2,2.8,5.9,0.47,0.0,0.0,0.0,2.8,5.9,0.47200000000000003,0.47,1.9,2.5,0.762,1.2,2.4,3.6,0.6,0.4,1.0,0.83,1.6,7.4
Zach Randolph,2012,30.0,28.0,8.0,26.3,4.7,10.2,0.46299999999999997,0.1,0.3,0.25,4.6,9.9,0.469,0.467,2.1,3.1,0.659,2.8,5.3,8.0,1.7,0.8,0.1,0.71,2.0,11.6
Michael Redd,2012,32.0,51.0,2.0,15.1,2.8,7.1,0.4,0.8,2.6,0.318,2.0,4.5,0.447,0.45799999999999996,1.7,2.2,0.7929999999999999,0.3,1.2,1.5,0.6,0.3,0.0,1.43,0.6,8.2
J.J. Redick,2012,27.0,65.0,22.0,27.2,3.8,9.0,0.425,1.7,4.1,0.418,2.1,4.9,0.43,0.521,2.2,2.4,0.9109999999999999,0.3,2.0,2.3,2.5,0.4,0.1,1.0,1.4,11.6
Ryan Reid,2012,25.0,5.0,0.0,3.4,0.8,1.0,0.8,0.0,0.0,0.0,0.8,1.0,0.8,0.8,0.0,0.0,0.0,0.2,0.2,0.4,0.0,0.0,0.0,5.0,0.2,1.6
Jason Richardson,2012,31.0,54.0,54.0,29.5,4.5,11.0,0.408,1.9,5.1,0.368,2.6,5.9,0.442,0.493,0.8,1.3,0.594,0.7,2.9,3.6,2.0,1.0,0.4,0.91,1.7,11.6
Quentin Richardson,2012,31.0,48.0,3.0,18.0,1.5,4.1,0.376,0.9,2.5,0.34700000000000003,0.7,1.6,0.42100000000000004,0.48200000000000004,0.5,0.6,0.833,0.3,2.3,2.6,0.8,0.6,0.1,1.67,1.5,4.5
Luke Ridnour,2012,30.0,53.0,53.0,33.0,4.6,10.4,0.44,0.9,2.9,0.322,3.6,7.5,0.485,0.485,2.0,2.2,0.8909999999999999,0.4,2.3,2.7,4.8,1.1,0.3,0.56,2.6,12.1
Nate Robinson,2012,27.0,51.0,9.0,23.4,4.0,9.5,0.424,1.3,3.5,0.365,2.7,5.9,0.45899999999999996,0.49200000000000005,1.8,2.2,0.8320000000000001,0.3,1.7,2.0,4.5,1.2,0.0,0.67,2.3,11.2
Rajon Rondo,2012,25.0,53.0,53.0,36.9,4.8,10.8,0.44799999999999995,0.2,0.8,0.23800000000000002,4.6,10.0,0.46399999999999997,0.456,2.0,3.4,0.597,1.2,3.7,4.8,11.7,1.8,0.1,0.28,1.9,11.9
Derrick Rose,2012,23.0,39.0,39.0,35.3,7.7,17.8,0.435,1.4,4.4,0.312,6.4,13.4,0.475,0.473,5.0,6.1,0.812,0.7,2.7,3.4,7.9,0.9,0.7,0.32,1.3,21.8
Ricky Rubio,2012,21.0,41.0,31.0,34.2,3.4,9.5,0.35700000000000004,0.8,2.3,0.34,2.6,7.2,0.363,0.39799999999999996,3.1,3.8,0.8029999999999999,0.5,3.7,4.2,8.2,2.2,0.2,0.31,2.4,10.6
Brandon Rush,2012,26.0,65.0,1.0,26.4,3.6,7.2,0.501,1.5,3.4,0.452,2.1,3.8,0.544,0.607,1.0,1.3,0.7929999999999999,0.5,3.4,3.9,1.4,0.5,0.9,1.0,1.0,9.8
Walker Russell,2012,29.0,28.0,0.0,12.8,1.2,3.4,0.34700000000000003,0.1,0.5,0.308,1.0,2.9,0.354,0.368,0.5,0.8,0.636,0.3,0.7,0.9,2.1,0.6,0.0,0.83,1.0,3.0
John Salmons,2012,32.0,46.0,32.0,27.2,3.1,7.5,0.409,0.7,2.4,0.295,2.3,5.1,0.46399999999999997,0.457,0.6,1.0,0.644,0.4,2.5,2.9,2.0,0.8,0.2,1.0,1.7,7.5
Samardo Samuels,2012,23.0,54.0,0.0,15.3,1.9,4.3,0.455,0.0,0.0,0.0,1.9,4.3,0.455,0.455,1.5,2.2,0.0,1.2,2.2,3.3,0.4,0.4,0.4,1.0,2.1,5.4
Larry Sanders,2012,23.0,52.0,0.0,12.4,1.6,3.5,0.457,0.0,0.0,0.0,1.6,3.5,0.462,0.457,0.3,0.7,0.474,1.2,1.9,3.1,0.6,0.6,1.5,1.25,2.6,3.6
Brian Scalabrine,2012,33.0,28.0,0.0,4.4,0.5,1.1,0.467,0.0,0.3,0.14300000000000002,0.5,0.8,0.565,0.483,0.1,0.2,0.5,0.3,0.5,0.8,0.5,0.2,0.2,3.33,0.3,1.1
Luis Scola,2012,31.0,66.0,66.0,31.3,6.6,13.5,0.491,0.0,0.0,0.0,6.6,13.4,0.493,0.491,2.3,3.0,0.773,1.8,4.6,6.5,2.1,0.5,0.4,0.43,3.2,15.5
Thabo Sefolosha,2012,27.0,42.0,42.0,21.8,1.6,3.7,0.43200000000000005,0.7,1.7,0.43700000000000006,0.9,2.0,0.429,0.532,0.9,1.0,0.884,0.5,2.5,3.0,1.1,0.9,0.4,1.0,1.9,4.8
Josh Selby,2012,20.0,28.0,0.0,8.5,0.9,2.6,0.34700000000000003,0.1,0.5,0.133,0.8,2.0,0.40399999999999997,0.361,0.4,0.5,0.7859999999999999,0.1,0.5,0.5,1.1,0.3,0.0,1.0,0.6,2.3
Kevin Seraphin,2012,22.0,57.0,21.0,20.6,3.6,6.7,0.531,0.0,0.0,0.0,3.6,6.7,0.5329999999999999,0.531,0.8,1.2,0.6709999999999999,1.8,3.1,4.9,0.6,0.3,1.3,0.83,2.3,7.9
Iman Shumpert,2012,21.0,59.0,35.0,28.9,3.6,9.1,0.401,0.8,2.7,0.306,2.8,6.4,0.44,0.446,1.5,1.8,0.7979999999999999,0.7,2.4,3.2,2.8,1.7,0.1,0.53,2.9,9.5
Xavier Silas,2012,24.0,2.0,0.0,19.5,2.0,7.5,0.267,0.5,3.0,0.16699999999999998,1.5,4.5,0.33299999999999996,0.3,1.0,1.5,0.667,1.0,1.0,2.0,1.5,0.0,0.0,0.67,2.5,5.5
Bobby Simmons,2012,31.0,28.0,0.0,14.9,1.0,3.2,0.311,0.7,2.1,0.33299999999999996,0.3,1.1,0.267,0.42200000000000004,0.1,0.3,0.5710000000000001,0.6,1.4,2.0,0.4,0.5,0.1,2.5,1.5,2.9
Chris Singleton,2012,22.0,66.0,51.0,21.7,1.8,4.7,0.37200000000000005,0.7,1.9,0.34600000000000003,1.1,2.8,0.389,0.442,0.5,0.7,0.682,0.7,2.9,3.5,0.7,1.1,0.5,1.67,2.7,4.6
James Singleton,2012,30.0,12.0,0.0,21.8,3.4,6.3,0.547,0.2,0.8,0.222,3.3,5.5,0.591,0.56,1.2,1.3,0.9329999999999999,2.1,4.7,6.8,1.3,0.8,0.7,1.25,2.3,8.2
Craig Smith,2012,28.0,47.0,0.0,9.9,1.3,2.5,0.504,0.0,0.0,0.0,1.3,2.5,0.509,0.504,0.8,1.1,0.7170000000000001,0.7,1.6,2.3,0.4,0.3,0.1,2.0,1.2,3.3
Greg Smith,2012,21.0,8.0,0.0,8.6,0.9,1.4,0.636,0.0,0.0,0.0,0.9,1.4,0.636,0.636,0.0,0.0,0.0,0.6,1.9,2.5,0.1,0.3,0.6,10.0,2.1,1.8
J.R. Smith,2012,26.0,35.0,1.0,27.6,4.7,11.6,0.40700000000000003,1.9,5.5,0.34700000000000003,2.8,6.1,0.462,0.49,1.1,1.6,0.7090000000000001,0.8,3.1,3.9,2.4,1.5,0.2,0.77,2.5,12.5
Jason Smith,2012,25.0,40.0,29.0,23.7,4.5,8.7,0.52,0.0,0.2,0.111,4.5,8.5,0.531,0.522,0.8,1.2,0.7020000000000001,1.8,3.1,4.9,0.9,0.5,1.0,1.0,2.6,9.9
Josh Smith,2012,26.0,66.0,66.0,35.3,7.6,16.7,0.45799999999999996,0.4,1.7,0.257,7.2,15.0,0.48,0.47,3.1,4.9,0.63,2.1,7.5,9.6,3.9,1.4,1.7,0.4,2.6,18.8
Nolan Smith,2012,23.0,44.0,4.0,12.3,1.5,4.1,0.37200000000000005,0.3,1.0,0.289,1.2,3.1,0.4,0.408,0.5,0.6,0.7140000000000001,0.4,0.9,1.3,1.4,0.4,0.1,1.0,1.3,3.8
Marreese Speights,2012,24.0,60.0,54.0,22.4,3.7,8.1,0.45299999999999996,0.0,0.1,0.0,3.7,8.1,0.456,0.45299999999999996,1.4,1.8,0.7709999999999999,2.2,4.0,6.2,0.8,0.4,0.5,0.83,2.5,8.8
Tiago Splitter,2012,27.0,59.0,2.0,19.0,3.6,5.8,0.618,0.0,0.0,0.0,3.6,5.8,0.618,0.618,2.1,3.1,0.0,1.6,3.6,5.2,1.1,0.4,0.8,0.67,2.3,9.3
Jerry Stackhouse,2012,37.0,30.0,0.0,9.1,1.2,3.3,0.37,0.4,1.3,0.342,0.8,2.1,0.387,0.435,0.7,0.8,0.9129999999999999,0.2,0.6,0.8,0.5,0.3,0.1,2.5,0.4,3.6
Lance Stephenson,2012,21.0,42.0,1.0,10.5,1.1,3.0,0.376,0.1,0.7,0.133,1.0,2.3,0.45299999999999996,0.392,0.2,0.4,0.47100000000000003,0.3,1.0,1.3,1.1,0.5,0.1,1.11,0.7,2.5
DeShawn Stevenson,2012,30.0,51.0,30.0,18.8,1.0,3.4,0.285,0.8,2.8,0.28300000000000003,0.2,0.5,0.29600000000000004,0.40399999999999997,0.2,0.3,0.563,0.1,1.8,2.0,0.8,0.4,0.1,2.5,1.2,2.9
Greg Stiemsma,2012,26.0,55.0,3.0,13.9,1.2,2.2,0.545,0.0,0.0,0.0,1.2,2.2,0.545,0.545,0.5,0.7,0.0,0.9,2.3,3.2,0.5,0.7,1.5,1.67,2.6,2.9
Julyan Stone,2012,23.0,22.0,2.0,8.1,0.6,1.4,0.419,0.1,0.5,0.182,0.5,0.9,0.55,0.452,0.4,0.5,0.727,0.2,0.9,1.1,1.7,0.4,0.3,2.0,0.8,1.6
Amar'e Stoudemire,2012,29.0,47.0,47.0,32.8,6.7,13.9,0.483,0.1,0.4,0.23800000000000002,6.6,13.5,0.491,0.48700000000000004,4.0,5.2,0.765,2.3,5.6,7.8,1.1,0.8,1.0,0.42,2.9,17.5
Rodney Stuckey,2012,25.0,55.0,48.0,29.9,4.7,10.9,0.429,0.6,1.9,0.317,4.1,9.0,0.452,0.456,4.9,5.8,0.8340000000000001,0.7,1.9,2.6,3.8,0.8,0.2,0.53,2.3,14.8
DaJuan Summers,2012,24.0,15.0,6.0,13.9,1.9,4.3,0.431,0.3,1.1,0.313,1.5,3.3,0.469,0.469,0.5,0.6,0.778,0.5,1.0,1.5,0.7,0.5,0.0,2.0,2.1,4.5
Jeff Teague,2012,23.0,66.0,66.0,33.1,4.8,10.2,0.47600000000000003,0.8,2.3,0.342,4.1,7.9,0.514,0.514,2.1,2.8,0.757,0.3,2.1,2.4,4.9,1.6,0.6,0.5,2.2,12.6
Sebastian Telfair,2012,26.0,60.0,1.0,14.9,2.4,5.7,0.41200000000000003,0.6,1.8,0.314,1.8,4.0,0.456,0.461,0.9,1.1,0.7909999999999999,0.3,1.2,1.5,2.3,0.7,0.2,0.91,2.0,6.1
Jason Terry,2012,34.0,63.0,1.0,31.7,5.7,13.2,0.43,2.2,5.8,0.37799999999999995,3.5,7.4,0.47100000000000003,0.513,1.6,1.8,0.883,0.3,2.1,2.4,3.6,1.2,0.2,0.5,1.1,15.1
Isaiah Thomas,2012,22.0,65.0,37.0,25.5,3.9,8.8,0.44799999999999995,1.3,3.4,0.379,2.7,5.4,0.491,0.521,2.4,2.8,0.8320000000000001,0.7,1.8,2.6,4.1,0.8,0.1,0.62,1.9,11.5
Kurt Thomas,2012,39.0,53.0,3.0,15.2,1.4,3.0,0.465,0.0,0.0,0.0,1.4,3.0,0.465,0.465,0.3,0.4,0.0,0.7,2.8,3.5,0.9,0.5,0.6,1.67,2.3,3.0
Lance Thomas,2012,23.0,42.0,10.0,15.0,1.4,3.0,0.452,0.0,0.0,0.0,1.4,3.0,0.456,0.452,1.2,1.5,0.8390000000000001,1.2,1.8,3.0,0.3,0.2,0.2,1.67,1.9,4.0
Tyrus Thomas,2012,25.0,54.0,30.0,18.8,2.2,6.1,0.36700000000000005,0.0,0.1,0.33299999999999996,2.2,6.0,0.36700000000000005,0.369,1.2,1.5,0.759,0.9,2.8,3.7,0.6,0.7,1.1,1.0,2.7,5.6
Trey Thompkins,2012,21.0,24.0,0.0,5.0,1.0,2.5,0.39299999999999996,0.2,0.5,0.308,0.8,2.0,0.41700000000000004,0.426,0.2,0.3,0.7140000000000001,0.2,0.8,1.0,0.1,0.1,0.1,3.33,0.4,2.4
Jason Thompson,2012,25.0,64.0,47.0,25.9,3.7,6.9,0.535,0.0,0.0,0.0,3.7,6.9,0.537,0.535,1.7,2.8,0.602,2.6,4.3,6.9,1.2,0.7,0.7,0.91,2.3,9.1
Klay Thompson,2012,21.0,66.0,29.0,24.4,4.8,10.9,0.44299999999999995,1.7,4.1,0.414,3.1,6.8,0.46,0.52,1.2,1.4,0.868,0.4,2.1,2.4,2.0,0.7,0.3,0.62,2.3,12.5
Mychel Thompson,2012,23.0,5.0,3.0,19.0,1.4,4.8,0.292,0.8,2.2,0.0,0.6,2.6,0.231,0.375,0.0,0.0,0.0,0.0,1.0,1.0,1.4,0.4,0.2,1.0,1.6,3.6
Tristan Thompson,2012,20.0,60.0,25.0,23.7,3.2,7.4,0.439,0.0,0.0,0.0,3.2,7.3,0.441,0.439,1.8,3.2,0.552,3.1,3.4,6.5,0.5,0.5,1.0,0.71,2.2,8.2
Marcus Thornton,2012,24.0,51.0,51.0,34.9,6.9,15.7,0.43799999999999994,2.1,6.1,0.345,4.8,9.7,0.49700000000000005,0.505,2.8,3.2,0.865,1.6,2.0,3.7,1.9,1.4,0.2,0.62,2.2,18.7
Jamaal Tinsley,2012,33.0,37.0,1.0,13.7,1.5,3.8,0.40399999999999997,0.3,1.0,0.27,1.3,2.8,0.452,0.44,0.4,0.5,0.765,0.2,1.1,1.2,3.3,0.5,0.2,0.71,1.3,3.7
Anthony Tolliver,2012,26.0,51.0,0.0,17.3,1.4,3.6,0.39,0.5,2.0,0.248,0.9,1.6,0.568,0.45899999999999996,0.8,1.1,0.745,1.0,2.0,3.0,0.4,0.4,0.4,1.43,1.7,4.1
Hedo Turkoglu,2012,32.0,53.0,53.0,31.2,3.9,9.5,0.415,1.7,4.9,0.353,2.2,4.6,0.48,0.505,1.3,1.8,0.705,0.5,3.3,3.8,4.4,0.8,0.3,0.37,2.6,10.9
Evan Turner,2012,23.0,65.0,20.0,26.4,4.0,9.1,0.446,0.2,0.8,0.22399999999999998,3.9,8.3,0.466,0.455,1.1,1.7,0.6759999999999999,0.4,5.4,5.8,2.8,0.6,0.3,0.62,1.8,9.4
Jeremy Tyler,2012,20.0,42.0,23.0,13.5,2.1,5.0,0.42100000000000004,0.0,0.0,0.0,2.1,5.0,0.423,0.42100000000000004,0.7,1.2,0.5579999999999999,1.3,2.0,3.3,0.4,0.4,0.5,1.11,2.0,4.9
Edwin Ubiles,2012,25.0,4.0,0.0,13.0,1.3,4.5,0.278,0.3,1.3,0.2,1.0,3.3,0.308,0.306,0.8,0.8,1.0,0.5,2.0,2.5,0.3,0.3,0.3,3.33,0.3,3.5
Beno Udrih,2012,29.0,59.0,0.0,18.3,2.5,5.6,0.44,0.3,1.0,0.28800000000000003,2.2,4.6,0.473,0.465,0.7,0.9,0.7090000000000001,0.4,1.3,1.7,3.8,0.6,0.0,0.77,1.2,5.9
Anderson Varejao,2012,29.0,25.0,25.0,31.4,4.6,8.9,0.514,0.0,0.2,0.0,4.6,8.7,0.523,0.514,1.7,2.6,0.672,4.4,7.1,11.5,1.7,1.4,0.7,0.56,2.5,10.8
Greivis Vasquez,2012,25.0,66.0,26.0,25.8,3.4,7.9,0.43,0.7,2.0,0.319,2.8,5.9,0.469,0.47100000000000003,1.5,1.8,0.821,0.3,2.3,2.6,5.4,0.9,0.1,0.45,1.9,8.9
Jan Vesely,2012,21.0,57.0,20.0,18.9,2.1,3.8,0.537,0.0,0.0,0.0,2.1,3.8,0.539,0.537,0.6,1.1,0.532,1.8,2.6,4.4,0.8,0.7,0.6,0.91,2.7,4.7
Charlie Villanueva,2012,27.0,13.0,0.0,13.8,2.7,7.0,0.385,1.2,3.5,0.33299999999999996,1.5,3.5,0.435,0.467,0.5,0.5,0.857,0.7,3.0,3.7,0.5,0.5,0.4,2.0,1.9,7.0
Nikola Vucevic,2012,21.0,51.0,15.0,15.9,2.6,5.7,0.45,0.1,0.2,0.375,2.5,5.5,0.452,0.455,0.4,0.7,0.529,1.7,3.1,4.8,0.6,0.4,0.7,1.67,2.2,5.5
Dwyane Wade,2012,30.0,49.0,49.0,33.2,8.5,17.1,0.49700000000000005,0.3,1.1,0.268,8.2,15.9,0.513,0.506,4.8,6.1,0.7909999999999999,1.5,3.3,4.8,4.6,1.7,1.3,0.38,2.2,22.1
Von Wafer,2012,26.0,33.0,1.0,14.2,2.2,4.8,0.452,0.4,1.2,0.359,1.7,3.6,0.483,0.49700000000000005,1.2,1.6,0.7040000000000001,0.2,1.2,1.4,0.9,0.3,0.1,0.91,0.8,5.9
Henry Walker,2012,24.0,32.0,8.0,19.4,2.1,5.3,0.39799999999999996,1.1,3.5,0.319,1.0,1.8,0.552,0.503,0.5,0.6,0.85,0.3,2.2,2.5,1.2,0.6,0.2,0.91,2.6,5.9
Kemba Walker,2012,21.0,66.0,25.0,27.2,4.3,11.6,0.366,1.0,3.4,0.305,3.2,8.2,0.392,0.41100000000000003,2.5,3.2,0.789,0.5,3.1,3.5,4.4,0.9,0.3,0.56,1.2,12.1
John Wall,2012,21.0,66.0,66.0,36.2,5.7,13.5,0.423,0.0,0.6,0.071,5.7,12.9,0.44,0.424,4.8,6.1,0.789,0.7,3.8,4.5,8.0,1.4,0.9,0.26,2.1,16.3
Ben Wallace,2012,37.0,62.0,11.0,15.8,0.5,1.4,0.395,0.0,0.1,0.25,0.5,1.3,0.402,0.401,0.3,0.8,0.34,1.3,3.0,4.3,0.7,0.8,0.8,2.0,1.0,1.4
Hakim Warrick,2012,29.0,35.0,0.0,14.4,2.1,5.1,0.41100000000000003,0.0,0.3,0.1,2.1,4.9,0.429,0.414,2.2,2.8,0.768,0.9,1.7,2.6,0.9,0.2,0.1,1.0,1.0,6.4
Darryl Watkins,2012,27.0,5.0,0.0,19.6,1.4,2.8,0.5,0.0,0.0,0.0,1.4,2.8,0.5,0.5,1.8,3.6,0.0,1.6,3.8,5.4,0.6,1.0,0.8,0.62,2.8,4.6
C.J. Watson,2012,27.0,49.0,25.0,23.7,3.3,8.9,0.368,1.4,3.5,0.39299999999999996,1.9,5.4,0.35200000000000004,0.446,1.7,2.1,0.8079999999999999,0.4,1.7,2.1,4.1,0.9,0.2,0.5,2.1,9.7
Earl Watson,2012,32.0,50.0,2.0,20.7,1.1,3.2,0.33799999999999997,0.2,1.0,0.192,0.9,2.2,0.40700000000000003,0.369,0.6,0.9,0.674,0.6,1.8,2.4,4.3,1.1,0.4,0.59,2.1,3.0
Martell Webster,2012,25.0,47.0,26.0,24.3,2.4,5.8,0.423,0.8,2.3,0.33899999999999997,1.7,3.5,0.479,0.491,1.2,1.5,0.792,0.9,2.7,3.6,0.9,0.7,0.4,1.0,1.8,6.9
David West,2012,31.0,66.0,66.0,29.2,5.3,10.8,0.48700000000000004,0.0,0.1,0.222,5.3,10.7,0.491,0.489,2.2,2.7,0.807,1.8,4.8,6.6,2.1,0.8,0.7,0.71,2.4,12.8
Delonte West,2012,28.0,44.0,33.0,24.1,3.8,8.2,0.461,0.6,1.7,0.355,3.2,6.5,0.489,0.499,1.4,1.6,0.8859999999999999,0.3,2.0,2.3,3.2,1.3,0.3,0.59,1.5,9.6
Russell Westbrook,2012,23.0,66.0,66.0,35.3,8.8,19.2,0.457,0.9,3.0,0.316,7.8,16.2,0.48200000000000004,0.48100000000000004,5.2,6.3,0.823,1.5,3.1,4.6,5.5,1.7,0.3,0.28,2.2,23.6
D.J. White,2012,25.0,58.0,11.0,18.9,3.0,6.1,0.493,0.0,0.0,1.0,3.0,6.1,0.491,0.494,0.7,1.1,0.705,0.9,2.7,3.6,0.8,0.3,0.4,1.43,1.6,6.8
Hassan Whiteside,2012,22.0,18.0,0.0,6.1,0.7,1.5,0.444,0.0,0.0,0.0,0.7,1.5,0.444,0.444,0.3,0.7,0.0,0.9,1.3,2.2,0.0,0.2,0.8,3.33,0.7,1.6
Chris Wilcox,2012,29.0,28.0,4.0,17.2,2.3,3.8,0.598,0.0,0.0,0.0,2.3,3.8,0.598,0.598,0.9,1.4,0.0,1.4,3.0,4.4,0.4,0.4,0.3,0.91,2.3,5.4
Damien Wilkins,2012,32.0,60.0,2.0,15.4,1.3,3.2,0.39399999999999996,0.1,0.4,0.304,1.2,2.8,0.406,0.41200000000000003,0.6,0.9,0.63,0.4,1.3,1.7,0.7,0.5,0.2,2.0,1.4,3.2
Deron Williams,2012,27.0,55.0,55.0,36.3,7.1,17.5,0.40700000000000003,2.1,6.2,0.336,5.0,11.3,0.446,0.467,4.7,5.5,0.843,0.4,2.9,3.3,8.7,1.2,0.4,0.25,2.2,21.0
Derrick Williams,2012,20.0,66.0,15.0,21.5,3.1,7.5,0.41200000000000003,0.6,2.1,0.268,2.5,5.5,0.467,0.449,2.1,3.0,0.6970000000000001,1.2,3.5,4.7,0.6,0.5,0.5,0.83,1.4,8.8
Elliot Williams,2012,22.0,24.0,0.0,6.2,1.5,3.1,0.5,0.3,1.1,0.29600000000000004,1.2,2.0,0.617,0.5539999999999999,0.3,0.8,0.33299999999999996,0.3,0.5,0.8,0.3,0.3,0.1,5.0,0.8,3.7
Jordan Williams,2012,21.0,43.0,5.0,14.8,1.8,3.5,0.507,0.0,0.0,0.0,1.8,3.5,0.507,0.507,1.0,1.5,0.0,1.5,2.1,3.6,0.3,0.5,0.3,2.0,1.4,4.6
Lou Williams,2012,25.0,64.0,0.0,26.3,5.0,12.2,0.40700000000000003,1.3,3.6,0.36200000000000004,3.7,8.6,0.425,0.46,3.7,4.6,0.812,0.5,2.0,2.4,3.5,0.8,0.3,0.91,1.4,14.9
Marvin Williams,2012,25.0,57.0,37.0,26.3,3.6,8.2,0.43200000000000005,1.0,2.6,0.389,2.5,5.6,0.452,0.494,2.0,2.6,0.7879999999999999,1.3,3.8,5.2,1.2,0.8,0.3,1.43,1.5,10.2
Mo Williams,2012,29.0,52.0,1.0,28.3,5.0,11.8,0.426,1.8,4.6,0.389,3.2,7.2,0.449,0.502,1.4,1.5,0.9,0.4,1.5,1.9,3.1,1.0,0.1,0.59,2.0,13.2
Reggie Williams,2012,25.0,33.0,13.0,22.6,3.2,7.7,0.41600000000000004,1.0,3.2,0.308,2.2,4.5,0.493,0.48,0.9,1.2,0.725,0.8,2.0,2.8,1.8,0.6,0.1,1.0,1.0,8.3
Shawne Williams,2012,25.0,25.0,6.0,20.6,1.7,5.9,0.28600000000000003,0.8,3.5,0.24100000000000002,0.8,2.4,0.35,0.35700000000000004,0.3,0.4,0.727,0.8,1.9,2.7,0.6,0.4,0.4,2.0,1.8,4.5
Shelden Williams,2012,28.0,58.0,35.0,22.0,1.7,3.5,0.478,0.0,0.0,0.0,1.7,3.5,0.478,0.478,1.3,1.8,0.0,2.4,3.6,6.0,0.6,0.8,0.7,0.91,2.6,4.6
Metta World Peace,2012,32.0,64.0,45.0,26.9,2.9,7.3,0.39399999999999996,0.9,3.0,0.29600000000000004,2.0,4.3,0.46,0.45399999999999996,1.1,1.8,0.617,1.1,2.3,3.4,2.2,1.1,0.4,0.91,2.1,7.7
Brandan Wright,2012,24.0,49.0,0.0,16.1,2.9,4.8,0.618,0.0,0.0,0.0,2.9,4.7,0.621,0.618,1.1,1.7,0.634,1.3,2.3,3.6,0.3,0.4,1.3,2.5,1.2,6.9
Chris Wright,2012,23.0,24.0,1.0,7.8,1.0,1.9,0.511,0.0,0.0,0.0,1.0,1.9,0.511,0.511,1.0,1.3,0.0,0.8,1.1,1.9,0.2,0.3,0.5,3.33,0.9,2.9
Dorell Wright,2012,26.0,61.0,61.0,27.0,3.6,8.6,0.42200000000000004,1.7,4.8,0.36,1.9,3.8,0.5,0.522,1.3,1.6,0.816,1.0,3.6,4.6,1.5,1.0,0.4,1.25,1.6,10.3
Thaddeus Young,2012,23.0,63.0,1.0,27.9,5.5,10.9,0.507,0.0,0.1,0.25,5.5,10.8,0.508,0.507,1.8,2.3,0.7709999999999999,2.2,3.0,5.2,1.2,1.0,0.7,1.11,2.0,12.8
Leandro Barbosa,2012,29.0,42.667,0.0,21.3,4.067,9.7,0.42,1.033,2.667,0.389,3.067,7.033,0.43,0.474,1.5,1.867,0.803,0.5,1.533,2.033,1.5,0.9,0.1,0.707,2.0,10.733
Marcus Camby,2012,37.0,39.333,35.333,23.133,2.367,5.167,0.449,0.033,0.133,0.267,2.3,5.067,0.45,0.452,0.533,1.167,0.292,2.667,6.333,9.067,1.8,0.833,1.433,1.277,2.1,5.267
DeMarre Carroll,2012,25.0,16.0,6.0,12.067,1.733,3.633,0.595,0.233,0.6,0.245,1.5,3.033,0.598,0.617,0.433,0.5,0.583,0.867,0.967,1.833,0.8,0.367,0.033,2.0,1.2,4.1
Brian Cook,2012,31.0,21.333,0.0,8.633,1.0,3.1,0.316,0.3,1.567,0.201,0.667,1.5,0.429,0.367,0.3,0.333,0.911,0.333,1.667,1.967,0.3,0.2,0.2,3.053,1.5,2.5
Justin Dentmon,2012,26.0,4.0,0.0,14.233,1.567,4.4,0.351,0.267,2.267,0.114,1.267,2.1,0.69,0.378,0.567,0.833,0.445,0.0,1.2,1.2,1.5,0.367,0.0,1.167,1.567,3.933
Boris Diaw,2012,29.0,38.0,23.333,24.267,2.6,5.733,0.481,0.5,1.567,0.398,2.1,4.167,0.517,0.529,0.4,0.567,0.628,1.233,3.6,4.833,3.433,0.6,0.4,0.547,2.267,6.167
Monta Ellis,2012,26.0,38.667,38.667,36.5,7.633,17.633,0.433,1.033,3.267,0.299,6.633,14.4,0.461,0.46,3.7,4.633,0.791,0.3,3.133,3.433,5.967,1.467,0.3,0.333,2.367,19.967
Christian Eyenga,2012,22.0,4.667,0.0,15.8,1.467,4.267,0.299,0.1,0.567,0.278,1.333,3.633,0.315,0.315,0.967,1.367,0.611,0.7,1.3,2.0,0.8,0.3,0.8,2.277,0.733,3.967
Derek Fisher,2012,37.0,42.0,28.667,23.3,2.0,5.5,0.366,0.6,1.733,0.32,1.467,3.8,0.386,0.416,0.867,1.0,0.87,0.167,1.667,1.833,2.467,0.767,0.1,0.95,1.833,5.467
Jonny Flynn,2012,22.0,19.333,0.667,14.067,1.533,4.4,0.341,0.3,1.133,0.279,1.167,3.267,0.361,0.376,1.0,1.333,0.75,0.267,1.0,1.233,3.2,0.233,0.1,0.917,0.767,4.367
Courtney Fortson,2012,23.0,6.667,0.0,9.733,1.133,3.167,0.354,0.3,1.267,0.234,0.833,1.9,0.428,0.4,1.067,1.6,0.667,0.633,0.9,1.567,1.033,0.267,0.0,1.007,0.533,3.6
Mickell Gladness,2012,25.0,17.333,4.667,8.533,0.8,1.933,0.395,0.0,0.0,0.0,0.8,1.933,0.395,0.395,0.167,0.4,0.0,0.433,1.633,2.067,0.233,0.167,0.667,3.61,1.167,1.833
J.J. Hickson,2012,23.0,36.0,12.667,24.333,3.833,7.9,0.46,0.0,0.033,0.0,3.833,7.867,0.462,0.46,1.767,2.733,0.642,2.633,3.867,6.533,0.867,0.567,0.667,0.767,1.7,9.4
Nene Hilario,2012,29.0,26.0,22.0,27.933,5.567,10.1,0.551,0.0,0.133,0.0,5.567,10.0,0.558,0.551,2.733,4.1,0.669,1.633,5.8,7.467,2.0,0.967,1.033,0.45,2.433,13.867
Jordan Hill,2012,24.0,26.0,5.333,13.5,2.067,4.233,0.489,0.0,0.067,0.0,2.067,4.2,0.496,0.489,0.767,1.167,0.426,1.7,3.0,4.667,0.367,0.467,0.767,1.167,1.767,4.9
Ryan Hollins,2012,27.0,26.0,5.333,13.067,1.2,2.133,0.564,0.0,0.0,0.0,1.2,2.133,0.564,0.564,0.933,1.833,0.0,0.833,1.2,2.033,0.233,0.133,0.4,1.18,1.933,3.3
Lester Hudson,2012,27.0,10.667,0.0,17.267,3.133,8.467,0.349,0.833,3.233,0.276,2.333,5.233,0.403,0.397,1.767,2.167,0.779,0.3,1.8,2.133,1.767,0.667,0.133,0.787,1.2,8.867
Stephen Jackson,2012,33.0,31.333,9.333,25.667,3.367,8.933,0.379,1.033,3.6,0.291,2.3,5.333,0.438,0.437,2.0,2.433,0.824,0.467,3.033,3.533,2.5,1.133,0.267,0.47,2.067,9.733
Richard Jefferson,2012,31.0,42.0,29.333,27.533,3.2,7.733,0.417,1.767,4.167,0.42,1.467,3.567,0.412,0.53,0.967,1.367,0.693,0.4,3.067,3.5,1.4,0.567,0.3,1.25,1.867,9.133
Armon Johnson,2012,22.0,6.0,0.0,11.233,1.867,3.7,0.639,0.067,0.233,0.222,1.8,3.433,0.646,0.647,0.5,0.5,0.667,0.067,1.233,1.3,0.867,0.7,0.0,1.367,0.7,4.267
Chris Johnson,2012,26.0,18.0,0.0,7.633,0.867,1.767,0.489,0.0,0.0,0.0,0.867,1.767,0.489,0.489,0.6,0.767,0.0,0.667,1.167,1.833,0.1,0.333,0.267,1.693,1.367,2.3
Solomon Jones,2012,27.0,14.0,0.667,13.767,1.1,2.833,0.317,0.0,0.0,0.0,1.1,2.833,0.317,0.317,0.9,1.067,0.0,1.5,1.2,2.733,0.4,0.433,0.5,1.313,2.0,3.1
JaVale McGee,2012,24.0,40.667,30.0,24.4,4.967,8.8,0.568,0.0,0.0,0.0,4.967,8.8,0.568,0.568,1.233,2.7,0.0,2.533,4.933,7.467,0.467,0.567,2.1,0.767,2.667,11.167
Ramon Sessions,2012,25.0,42.667,15.333,27.233,3.867,8.867,0.435,0.667,1.5,0.449,3.2,7.367,0.432,0.473,3.033,3.967,0.775,0.533,2.867,3.4,5.633,0.7,0.033,0.443,1.567,11.5
Donald Sloan,2012,24.0,16.5,5.5,15.575,1.875,4.825,0.384,0.05,0.65,0.043,1.85,4.2,0.435,0.386,0.55,0.8,0.519,0.5,1.1,1.6,2.65,0.425,0.05,1.088,0.925,4.325
Ish Smith,2012,23.0,17.333,0.667,9.367,1.4,3.567,0.385,0.167,0.433,0.328,1.233,3.133,0.391,0.405,0.267,0.367,0.65,0.3,1.133,1.367,1.567,0.633,0.067,2.89,0.633,3.2
Hasheem Thabeet,2012,24.0,17.5,3.0,7.35,0.55,1.15,0.484,0.0,0.0,0.0,0.55,1.15,0.484,0.484,0.8,1.15,0.0,0.9,1.3,2.2,0.0,0.1,0.5,2.25,1.0,1.85
Ronny Turiaf,2012,29.0,11.333,3.333,15.967,1.033,1.667,0.703,0.0,0.067,0.0,1.033,1.633,0.715,0.703,0.6,1.0,0.394,1.0,2.9,3.867,0.767,0.967,0.967,1.197,2.2,2.667
Ekpe Udoh,2012,24.0,40.667,7.333,21.0,2.1,4.833,0.428,0.0,0.033,0.0,2.1,4.8,0.431,0.428,1.433,1.933,0.518,1.633,2.533,4.267,0.933,0.7,1.667,1.157,2.833,5.6
Ben Uzoh,2012,23.0,17.0,8.0,21.45,2.0,5.7,0.353,0.0,0.1,0.0,2.0,5.6,0.356,0.353,0.65,1.15,0.579,1.1,2.8,3.8,3.55,0.95,0.2,0.87,1.8,4.65
Gerald Wallace,2012,29.0,38.667,38.667,35.8,5.0,11.233,0.447,0.9,2.733,0.319,4.133,8.533,0.487,0.486,3.167,3.9,0.812,1.5,5.2,6.7,2.867,1.467,0.633,0.54,2.467,14.1
Luke Walton,2012,31.0,20.0,0.0,11.167,0.8,2.067,0.384,0.167,0.633,0.0,0.6,1.433,0.431,0.425,0.0,0.0,0.0,0.467,1.133,1.633,1.067,0.167,0.0,2.313,1.3,1.7
Sean Williams,2012,25.0,7.333,0.0,10.6,1.167,2.0,0.573,0.0,0.0,0.0,1.167,2.0,0.573,0.573,1.333,1.433,0.0,1.2,1.433,2.633,0.6,0.5,0.767,1.073,1.567,3.633
Terrence Williams,2012,24.0,20.0,0.0,17.967,2.7,6.4,0.414,0.533,1.533,0.355,2.167,4.867,0.423,0.46,0.867,1.467,0.568,0.4,2.9,3.267,2.033,0.633,0.2,0.84,1.2,6.8
Nick Young,2012,26.0,41.333,23.333,27.233,4.867,12.067,0.401,1.633,4.433,0.363,3.233,7.633,0.425,0.47,2.2,2.6,0.845,0.5,1.533,2.033,0.867,0.7,0.3,0.783,2.3,13.5
Sam Young,2012,26.0,23.333,1.333,10.567,1.233,3.567,0.345,0.167,0.5,0.306,1.067,3.067,0.339,0.371,0.533,0.767,0.736,0.567,1.2,1.767,0.4,0.467,0.2,2.167,0.7,3.233
